parameter,value,n_reps,viable_rate,viable_ci_lower,viable_ci_upper,healthy_rate,healthy_ci_lower,healthy_ci_upper,no_crash_rate,no_crash_ci_lower,no_crash_ci_upper,low_var_rate,low_var_ci_lower,low_var_ci_upper,stability_mean,stability_std,stability_se,stability_ci_lower,stability_ci_upper,fish_mean,fish_std,fish_se,fish_ci_lower,fish_ci_upper,cv_mean,cv_std,cv_se,cv_ci_lower,cv_ci_upper,persist_viable_mean,persist_viable_std,persist_viable_se,persist_viable_ci_lower,persist_viable_ci_upper,persist_healthy_mean,persist_healthy_std,persist_healthy_se,persist_healthy_ci_lower,persist_healthy_ci_upper
scale,0.1,15,1.0,1.0,1,0.0,0,0.0,0.2,0.0,0.4024279295617743,1.0,1.0,1.0,0.6133333333333333,0.05163977794943221,0.013333333333333329,0.5871999999999999,0.6394666666666666,14.320518518518519,0.3700826607380485,0.09555493211723942,14.13323085156873,14.507806185468308,0.35074490208599407,0.02772847774236345,0.007159462167457112,0.3367123562377781,0.36477744793421,0.8377777777777777,0.03685617214313082,0.009516222727686626,0.8191259812315119,0.8564295743240435,0.14644444444444446,0.018069042581820245,0.004665406733420165,0.13730024724694093,0.155588641641948
scale,0.4413793103448276,15,1.0,1.0,1,0.0,0,0.0,0.3333333333333333,0.09476973050886098,0.5718969361578057,1.0,1.0,1.0,0.6266666666666666,0.05936168397046635,0.015327120894696263,0.5966255097130619,0.6567078236202712,14.303999999999998,0.5349083555653394,0.13811274352345035,14.033299022694036,14.57470097730596,0.34248707736176726,0.022037758532657405,0.0056901247856481684,0.33133443278189684,0.3536397219416377,0.8450370370370371,0.029996668441310215,0.007745106487660003,0.8298566283212235,0.8602174457528508,0.13903703703703704,0.02665961105954048,0.006883481976664489,0.12554541236277464,0.15252866171129945
scale,0.7827586206896552,15,1.0,1.0,1,0.0,0,0.0,0.13333333333333333,0.0,0.3053639938219455,0.9333333333333333,0.8070973403443054,1.0,0.5933333333333333,0.07037315505489966,0.018170270503179913,0.5577196031471007,0.6289470635195659,14.467629629629633,0.6822127690088383,0.17614657952941853,14.122382333751972,14.812876925507293,0.3422251358540142,0.02808633623131563,0.007251860831991161,0.32801148862331153,0.3564387830847169,0.8442222222222223,0.040090726033996694,0.010351380951135554,0.8239335155579967,0.864510928886448,0.15318518518518515,0.03649277347868973,0.009422393595992335,0.13471729373704017,0.17165307663333013
scale,1.124137931034483,15,1.0,1.0,1,0.0,0,0.0,0.26666666666666666,0.0428741701850342,0.4904591631482991,0.8666666666666667,0.6946360061780545,1.0,0.5866666666666666,0.09904304018720247,0.02557280301351914,0.5365439727601691,0.636789360573164,14.346148148148153,0.7414267035461661,0.19143555168451765,13.970934466846499,14.721361829449807,0.3658133103431111,0.04536221287034198,0.011712472999596681,0.3428568632639016,0.3887697574223206,0.8315555555555556,0.04746260014683574,0.012254790662426435,0.8075361658571998,0.8555749452539114,0.1522962962962963,0.036542518702648984,0.009435237757588838,0.13380323029142216,0.17078936230117042
scale,1.4655172413793105,15,1.0,1.0,1,0.0,0,0.0,0.2,0.0,0.4024279295617743,0.8666666666666667,0.6946360061780545,1.0,0.5866666666666666,0.09154754164341267,0.023637473611411147,0.5403372183883007,0.6329961149450324,14.38962962962963,0.4071890708840105,0.1051357660194296,14.183563528231547,14.595695731027712,0.3528229108515619,0.03071700496413109,0.007931096578096684,0.33727796155849243,0.3683678601446314,0.8327407407407409,0.03170317212628575,0.008185723844470125,0.8166967220055794,0.8487847594759024,0.15170370370370367,0.028753856168556285,0.007424213738670793,0.13715224477590893,0.16625516263149842
scale,1.806896551724138,15,1.0,1.0,1,0.0,0,0.0,0.26666666666666666,0.0428741701850342,0.4904591631482991,1.0,1.0,1.0,0.6266666666666666,0.045773770821706326,0.011818736805705572,0.6035019425274837,0.6498313908058495,14.58185185185185,0.4370113883604538,0.11283585528153461,14.360693575500042,14.803010128203658,0.3459064672947114,0.024411155564134923,0.006302933264104872,0.3335527180970659,0.35826021649235695,0.853851851851852,0.030289219235253424,0.00782064277785079,0.8385233920072644,0.8691803116964395,0.1542962962962963,0.028621678328001336,0.007390085566990327,0.13981172858499524,0.16878086400759734
scale,2.148275862068966,15,1.0,1.0,1,0.0,0,0.0,0.13333333333333333,0.0,0.3053639938219455,1.0,1.0,1.0,0.6066666666666667,0.04577377082170633,0.011818736805705573,0.5835019425274838,0.6298313908058496,14.518222222222223,0.4910509192446393,0.12678880215828872,14.269716169991977,14.766728274452468,0.3465497905265249,0.024162970708128024,0.006238852209831831,0.3343216401952545,0.3587779408577953,0.8496296296296296,0.029718451523660157,0.0076732711884138815,0.8345900181003384,0.8646692411589209,0.15488888888888888,0.031750237816604375,0.008197876153455578,0.13882105162811595,0.17095672614966181
scale,2.4896551724137934,15,1.0,1.0,1,0.0,0,0.0,0.2,0.0,0.4024279295617743,1.0,1.0,1.0,0.6133333333333332,0.051639777949432225,0.013333333333333332,0.5871999999999998,0.6394666666666665,14.336962962962964,0.3822924600162848,0.09870748873491572,14.143496285042529,14.5304296408834,0.3594138063525441,0.02595876622498587,0.006702524618497457,0.3462768581002891,0.37255075460479914,0.8290370370370369,0.02081185842041091,0.005373598737725203,0.8185047835110955,0.8395692905629784,0.15059259259259258,0.026702577231522216,0.006894575794566859,0.13707922403524153,0.16410596114994364
scale,2.831034482758621,15,1.0,1.0,1,0.0,0,0.0,0.26666666666666666,0.0428741701850342,0.4904591631482991,1.0,1.0,1.0,0.6199999999999998,0.056061191058138796,0.014474937289114913,0.5916291229133346,0.648370877086665,14.515703703703704,0.5242417665039745,0.13535864207041667,14.250400765245686,14.78100664216172,0.345964351397721,0.027142534705409713,0.007008172325860576,0.3322283336390343,0.35970036915640774,0.8421481481481481,0.026842892137745447,0.006930804947568675,0.8285637704509135,0.8557325258453827,0.15785185185185185,0.03769006312436523,0.009731532453211521,0.13877804824355727,0.17692565546014644
scale,3.1724137931034484,15,1.0,1.0,1,0.0,0,0.0,0.26666666666666666,0.0428741701850342,0.4904591631482991,0.9333333333333333,0.8070973403443054,1.0,0.6133333333333333,0.06399404734221843,0.016523191974188067,0.5809478770639247,0.6457187896027419,14.557555555555554,0.5048593147497573,0.1303541145468999,14.30206149104363,14.813049620067478,0.34716845380228084,0.03221769219409358,0.008318572354730741,0.3308640519870086,0.3634728556175531,0.8534074074074074,0.04060057659095411,0.010483023798878931,0.8328606807616047,0.8739541340532101,0.15911111111111112,0.026999248797440686,0.00697117606350656,0.14544760602663825,0.17277461619558399
scale,3.513793103448276,15,1.0,1.0,1,0.0,0,0.0,0.13333333333333333,0.0,0.3053639938219455,1.0,1.0,1.0,0.6133333333333333,0.03518657752744983,0.009085135251589957,0.5955264682402169,0.6311401984264496,14.52725925925926,0.34509331270518556,0.0891027101996488,14.352617947267948,14.701900571250572,0.35175461553171206,0.028593466817058488,0.007382801386186795,0.33728432481478593,0.3662249062486382,0.845111111111111,0.024709243962804772,0.006379899357687936,0.8326065083700427,0.8576157138521794,0.16155555555555556,0.026559971738792043,0.006857755214672082,0.14811435533479828,0.17499675577631285
scale,3.855172413793104,15,1.0,1.0,1,0.0,0,0.0,0.13333333333333333,0.0,0.3053639938219455,0.8666666666666667,0.6946360061780545,1.0,0.5933333333333333,0.07037315505489966,0.018170270503179913,0.5577196031471007,0.6289470635195659,14.484148148148149,0.45330774645086025,0.11704355684739973,14.254742776727246,14.713553519569052,0.36282971101822387,0.03615045488835677,0.00933400731602855,0.3445350566788079,0.3811243653576398,0.8318518518518518,0.03453818954912058,0.008917722195459938,0.8143731163487503,0.8493305873549534,0.16592592592592592,0.03252096506446695,0.00839687707315158,0.14946804686254883,0.182383804989303
scale,4.196551724137931,15,1.0,1.0,1,0.0,0,0.0,0.3333333333333333,0.09476973050886098,0.5718969361578057,1.0,1.0,1.0,0.5999999999999999,0.0654653670707977,0.016903085094570326,0.5668699532146421,0.6331300467853577,14.131185185185187,0.4477650686814845,0.11561244360112065,13.90458479572699,14.357785574643383,0.35575563536014715,0.026215295232020538,0.006768760123301749,0.34248886551847574,0.36902240520181856,0.8188888888888889,0.03394673699166023,0.008765009801785555,0.8017094696773892,0.8360683081003886,0.14585185185185184,0.026362239398024918,0.006806700943818903,0.1325107180019668,0.1591929857017369
scale,4.537931034482758,15,1.0,1.0,1,0.0,0,0.0,0.26666666666666666,0.0428741701850342,0.4904591631482991,0.9333333333333333,0.8070973403443054,1.0,0.6133333333333333,0.07432233529572063,0.019189944456771312,0.5757210421980615,0.650945624468605,14.20340740740741,0.3598335071269268,0.09290861203399968,14.02130652782077,14.38550828699405,0.3409942348650773,0.03475925744935934,0.008974801681860321,0.32340362356863106,0.35858484616152353,0.8388148148148147,0.02811059873636407,0.007258125383857153,0.8245888890624546,0.8530407405671747,0.13770370370370372,0.031239719061335335,0.00806606077765001,0.1218942245795097,0.15351318282789775
scale,4.879310344827586,15,1.0,1.0,1,0.0,0,0.0,0.3333333333333333,0.09476973050886098,0.5718969361578057,1.0,1.0,1.0,0.6199999999999999,0.06761234037828132,0.017457431218879386,0.5857834348109963,0.6542165651890035,14.433333333333334,0.42510482159985274,0.10976159296324697,14.21820061112537,14.648466055541297,0.3550029105179025,0.019542417284495347,0.005045830445832429,0.34511308284407094,0.36489273819173407,0.836,0.027758088259907193,0.007167107570211745,0.821952469162385,0.850047530837615,0.15948148148148145,0.02462009999831645,0.00635688248502939,0.14702199181082384,0.17194097115213905
scale,5.220689655172413,15,1.0,1.0,1,0.0,0,0.0,0.13333333333333333,0.0,0.3053639938219455,1.0,1.0,1.0,0.6066666666666666,0.025819888974716113,0.006666666666666666,0.5935999999999999,0.6197333333333332,14.584666666666667,0.3876804808122559,0.10009866972237008,14.388473274010822,14.780860059322512,0.3452251628048389,0.023259503392399312,0.0060055779519878295,0.33345423001894275,0.35699609559073503,0.8511111111111108,0.026877473636211714,0.006939733852078458,0.8375092327610371,0.8647129894611846,0.15703703703703703,0.02056377641987674,0.005309544240621026,0.14663033032541983,0.16744374374865423
scale,5.562068965517241,15,1.0,1.0,1,0.0,0,0.0,0.2,0.0,0.4024279295617743,0.8666666666666667,0.6946360061780545,1.0,0.5933333333333333,0.05936168397046635,0.015327120894696263,0.5632921763797286,0.6233744902869379,14.561407407407408,0.5806417824120628,0.1499210635596073,14.267562122830578,14.855252691984239,0.3601916256772648,0.03201723125441362,0.008266813562667704,0.3439886710944361,0.37639458026009354,0.8371111111111111,0.03189157114984528,0.008234368263182646,0.8209717493152732,0.8532504729069491,0.16799999999999998,0.04060216934109337,0.010483435045196532,0.1474524673114148,0.18854753268858518
scale,5.903448275862069,15,1.0,1.0,1,0.0,0,0.0,0.4,0.15207743144279912,0.647922568557201,0.9333333333333333,0.8070973403443054,1.0,0.6333333333333332,0.061721339984836754,0.01593638145779191,0.6020980256760611,0.6645686409906053,14.605481481481483,0.4296917533993961,0.11094593366123501,14.388027451505463,14.822935511457503,0.3574699570920836,0.027080535418537006,0.006992164178824928,0.34376531530158677,0.3711745988825805,0.8497777777777779,0.02287223928271993,0.005905586788829691,0.8382028276716716,0.8613527278838841,0.15829629629629632,0.030633714371623856,0.007909591039584933,0.14279349785870984,0.1737990947338828
scale,6.244827586206896,15,1.0,1.0,1,0.0,0,0.0,0.26666666666666666,0.0428741701850342,0.4904591631482991,0.8,0.5975720704382257,1.0,0.5933333333333334,0.09611501047232544,0.024816788991991193,0.5446924269090306,0.6419742397576361,14.523925925925926,0.4656106469405372,0.12022015209450412,14.288294427820698,14.759557424031154,0.36249865862296127,0.02916548239240969,0.0075304951726605585,0.34773888808454656,0.377258429161376,0.8352592592592594,0.039950292453710255,0.010315121156622377,0.8150416217922795,0.8554768967262393,0.16807407407407407,0.027804643093242935,0.007179127976491398,0.15400298324015094,0.1821451649079972
scale,6.586206896551724,15,0.9333333333333333,0.8070973403443054,1,0.0,0,0.0,0.2,0.0,0.4024279295617743,0.8666666666666667,0.6946360061780545,1.0,0.5733333333333334,0.1667618775665584,0.043057731639837386,0.4889401793192521,0.6577264873474147,13.63651851851852,3.5801321955105205,0.9243861580288828,11.824721648781908,15.44831538825513,0.5806436044353792,0.8861558848552172,0.22880446561253023,0.13218685183481999,1.0291003570359385,0.7900740740740739,0.2087814088006587,0.05390712795217825,0.6844161032878046,0.8957320448603433,0.14740740740740746,0.05244240422899081,0.013540570547597254,0.12086788913411683,0.17394692568069808
scale,6.927586206896551,15,1.0,1.0,1,0.0,0,0.0,0.26666666666666666,0.0428741701850342,0.4904591631482991,0.8666666666666667,0.6946360061780545,1.0,0.5866666666666666,0.09904304018720249,0.025572803013519142,0.5365439727601691,0.636789360573164,14.334444444444445,0.40638640702732465,0.10492851910279313,14.12878454700297,14.54010434188592,0.3554208223313029,0.03239275167291241,0.00836377251780148,0.339027828196412,0.3718138164661938,0.8304444444444444,0.04006124059781886,0.010343767844250727,0.810170659469713,0.8507182294191759,0.15429629629629632,0.03165585074733154,0.008173505516962845,0.13827622548304913,0.1703163671095435
scale,7.268965517241379,15,1.0,1.0,1,0.0,0,0.0,0.26666666666666666,0.0428741701850342,0.4904591631482991,0.9333333333333333,0.8070973403443054,1.0,0.6066666666666667,0.07037315505489966,0.018170270503179913,0.5710529364804341,0.6422803968528993,14.442370370370371,0.3658897171640606,0.09447231874166324,14.257204625636712,14.62753611510403,0.35106767991019433,0.030659044987413436,0.007916131376458415,0.3355520624123358,0.36658329740805284,0.8408148148148148,0.0418287148669328,0.010800127738192621,0.8196465644479572,0.8619830651816723,0.1511111111111111,0.016373075502511273,0.004227509916494853,0.1428251916747812,0.15939703054744103
scale,7.610344827586207,15,1.0,1.0,1,0.0,0,0.0,0.3333333333333333,0.09476973050886098,0.5718969361578057,1.0,1.0,1.0,0.6266666666666666,0.04577377082170633,0.011818736805705573,0.6035019425274837,0.6498313908058495,14.44977777777778,0.23144710009221,0.0597593842790087,14.332649384590923,14.566906170964636,0.353705309037929,0.021727469563794028,0.005610008518386853,0.3427096923418908,0.36470092573396723,0.8385925925925924,0.023706266395860646,0.006120931663461653,0.8265955665322076,0.8505896186529773,0.1553333333333333,0.017897414905998582,0.004621092658073126,0.14627599172350997,0.16439067494315662
scale,7.951724137931034,15,1.0,1.0,1,0.0,0,0.0,0.26666666666666666,0.0428741701850342,0.4904591631482991,0.9333333333333333,0.8070973403443054,1.0,0.6133333333333333,0.06399404734221843,0.016523191974188067,0.5809478770639247,0.6457187896027419,14.503555555555558,0.4974980081142048,0.12845343334651182,14.251786826196394,14.755324284914721,0.34936111402798253,0.030172401456744647,0.007790480557137095,0.33409177213599384,0.36463045591997123,0.8421481481481482,0.031055695165846466,0.008018546012147836,0.8264317979643384,0.857864498331958,0.15533333333333335,0.03312154943593426,0.008551947291063938,0.13857151664284803,0.17209515002381867
scale,8.293103448275863,15,1.0,1.0,1,0.0,0,0.0,0.2,0.0,0.4024279295617743,1.0,1.0,1.0,0.6133333333333333,0.05163977794943221,0.013333333333333329,0.5871999999999999,0.6394666666666666,14.322296296296297,0.5336243363947246,0.13778121119918352,14.052245122345898,14.592347470246697,0.351335709062196,0.02762024728263171,0.007131517182917551,0.33735793538367764,0.3653134827407144,0.835037037037037,0.027138246460095126,0.007007065105681387,0.8213031894299015,0.8487708846441725,0.14807407407407408,0.03274471473883159,0.008454648990653818,0.1315029620523926,0.16464518609575557
scale,8.63448275862069,15,1.0,1.0,1,0.0,0,0.0,0.13333333333333333,0.0,0.3053639938219455,0.9333333333333333,0.8070973403443054,1.0,0.5933333333333333,0.05936168397046635,0.015327120894696263,0.5632921763797286,0.6233744902869379,14.619851851851852,0.5376987129775219,0.13883321070927362,14.347738758861675,14.891964944842028,0.3468904041939698,0.025776455536993453,0.006655452201268773,0.33384571787948303,0.3599350905084566,0.8478518518518519,0.04550028909857702,0.011748124128427444,0.824825528560134,0.8708781751435697,0.16503703703703704,0.021901924515258357,0.0056550525931658375,0.153953133954432,0.17612094011964208
scale,8.975862068965517,15,1.0,1.0,1,0.0,0,0.0,0.13333333333333333,0.0,0.3053639938219455,0.9333333333333333,0.8070973403443054,1.0,0.5999999999999999,0.0654653670707977,0.016903085094570326,0.5668699532146421,0.6331300467853577,14.52148148148148,0.451319380077598,0.11653016285741283,14.29308236228095,14.74988060068201,0.35855705504963775,0.03055866484466255,0.007890213335047474,0.3430922369129447,0.3740218731863308,0.836962962962963,0.03043328108002338,0.007857839386225321,0.8215615977659614,0.8523643281599647,0.15748148148148147,0.026780401197536215,0.0069146698561873944,0.14392872856335417,0.17103423439960877
scale,9.317241379310344,15,1.0,1.0,1,0.0,0,0.0,0.26666666666666666,0.0428741701850342,0.4904591631482991,1.0,1.0,1.0,0.6133333333333333,0.06399404734221843,0.016523191974188067,0.5809478770639247,0.6457187896027419,14.31614814814815,0.5248249673230978,0.13550922387441397,14.050550069354298,14.581746226942002,0.33873641500283314,0.02380414817681948,0.006146204630631699,0.326689853926795,0.35078297607887127,0.8387407407407409,0.03654589698876877,0.009436110027314214,0.820245965087205,0.8572355163942768,0.14155555555555557,0.03227363167645224,0.008333015866968779,0.12522284445629678,0.15788826665481437
scale,9.658620689655173,15,1.0,1.0,1,0.0,0,0.0,0.3333333333333333,0.09476973050886098,0.5718969361578057,0.8666666666666667,0.6946360061780545,1.0,0.6199999999999999,0.06761234037828132,0.017457431218879386,0.5857834348109963,0.6542165651890035,14.614666666666666,0.44284119559385104,0.11434110503663776,14.390558100794857,14.838775232538476,0.3577709104067351,0.03250141894540577,0.008391830286911118,0.34132292304438927,0.3742188977690809,0.841925925925926,0.021892259295211974,0.0056525570440807,0.8308469141195278,0.8530049377323241,0.16674074074074074,0.035850627466083966,0.00925659220848196,0.1485978200121161,0.18488366146936538
scale,10.0,15,1.0,1.0,1,0.0,0,0.0,0.13333333333333333,0.0,0.3053639938219455,0.8666666666666667,0.6946360061780545,1.0,0.5933333333333333,0.07037315505489966,0.018170270503179913,0.5577196031471007,0.6289470635195659,14.47022222222222,0.37205829131204543,0.09606503773799598,14.281934748255749,14.658509696188693,0.3552621674474354,0.03201452603471744,0.008266115077945627,0.3390605818946619,0.37146375300020884,0.8428148148148147,0.0358663663828293,0.009260655979311428,0.8246639290953642,0.8609657005342651,0.15903703703703703,0.02019248933426494,0.0052136783273386,0.14881822751545337,0.1692558465586207
imitation_period,1.0,15,1.0,1.0,1,0.0,0,0.0,0.26666666666666666,0.0428741701850342,0.4904591631482991,0.8666666666666667,0.6946360061780545,1.0,0.5866666666666666,0.1302013093343571,0.03361783351375769,0.5207757129797015,0.6525576203536316,14.338740740740741,0.7324471397058337,0.18911703827053009,13.968071345730502,14.70941013575098,0.35774634372484915,0.0823978183916258,0.021275025226305994,0.3160472942812894,0.3994453931684089,0.8394074074074074,0.0517044010807868,0.013350018954101069,0.8132413702573693,0.8655734445574454,0.14807407407407408,0.02743749242539792,0.007084330081683885,0.13418878711397367,0.1619593610341745
imitation_period,2.0,15,1.0,1.0,1,0.0,0,0.0,0.26666666666666666,0.0428741701850342,0.4904591631482991,1.0,1.0,1.0,0.5933333333333333,0.07037315505489966,0.018170270503179913,0.5577196031471007,0.6289470635195659,14.32874074074074,0.5494707838177144,0.14187274633023625,14.050670157933476,14.606811323548003,0.36079137007503465,0.021604451801516374,0.005578245468747582,0.3498580089562894,0.3717247311937799,0.8218518518518519,0.027273733792197698,0.007042047784405076,0.808049438194418,0.8356542655092859,0.15792592592592591,0.03622111856013295,0.009352252597626618,0.13959551083457775,0.17625634101727408
imitation_period,4.0,15,1.0,1.0,1,0.0,0,0.0,0.4666666666666667,0.2141946806886107,0.7191386526447227,0.8666666666666667,0.6946360061780545,1.0,0.6199999999999999,0.10141851056742197,0.02618614682831908,0.5686751522164945,0.6713248477835053,14.688518518518517,0.4870408191858296,0.12575339877532904,14.442041856918872,14.934995180118163,0.3516479769957455,0.031950667943602754,0.008249626989718442,0.33547870809589736,0.36781724589559367,0.8443703703703702,0.032417216958283146,0.008370089427321552,0.82796499509282,0.8607757456479205,0.17155555555555554,0.03326925057030441,0.008590083559972705,0.15471899177800905,0.18839211933310204
imitation_period,6.0,15,1.0,1.0,1,0.0,0,0.0,0.06666666666666667,0.0,0.19290265965569464,0.8666666666666667,0.6946360061780545,1.0,0.5866666666666664,0.05163977794943221,0.013333333333333329,0.5605333333333331,0.6127999999999998,14.42911111111111,0.6228565644059901,0.1608208734013578,14.11390219924445,14.744320022977771,0.3520776406561816,0.038755551448695455,0.010006640355592148,0.33246462555922096,0.3716906557531422,0.8436296296296297,0.03166866233384804,0.008176813454377305,0.8276030752590502,0.8596561840002093,0.14659259259259258,0.03808805046832099,0.00983429234355432,0.12731737959922612,0.16586780558595904
imitation_period,7.0,15,1.0,1.0,1,0.0,0,0.0,0.3333333333333333,0.09476973050886098,0.5718969361578057,1.0,1.0,1.0,0.6199999999999999,0.06761234037828132,0.017457431218879386,0.5857834348109963,0.6542165651890035,14.555407407407408,0.586110827753887,0.1513331649948432,14.258794404017515,14.852020410797302,0.3501850888055565,0.023025247164349817,0.005945093253989092,0.3385327060277379,0.3618374715833751,0.8390370370370372,0.02973091155186601,0.007676488353862851,0.8239911198634661,0.8540829542106084,0.15985185185185186,0.036598943389945494,0.009449806549203127,0.14133023101541373,0.17837347268828999
imitation_period,9.0,15,1.0,1.0,1,0.0,0,0.0,0.13333333333333333,0.0,0.3053639938219455,0.9333333333333333,0.8070973403443054,1.0,0.5999999999999999,0.053452248382484864,0.013801311186847081,0.5729494300737796,0.6270505699262201,14.704074074074075,0.5387513597484515,0.13910500293682354,14.431428268317902,14.976719879830249,0.3564918254522615,0.02931596098077757,0.007569348577107865,0.34165590224113007,0.3713277486633929,0.8499259259259261,0.029386635874472135,0.0075875967561928005,0.8350542362837882,0.864797615568064,0.17014814814814816,0.03084313920053665,0.007963664297895705,0.15453936612427258,0.18575693017202374
imitation_period,11.0,15,0.9333333333333333,0.8070973403443054,1,0.0,0,0.0,0.13333333333333333,0.0,0.3053639938219455,0.9333333333333333,0.8070973403443054,1.0,0.5666666666666665,0.1632993161855452,0.042163702135578386,0.4840258104809329,0.6493075228524001,13.962592592592593,1.8456800062522025,0.47655252844285206,13.028549636844602,14.896635548340583,0.39897682914713517,0.18544322128326887,0.04788123384647714,0.30512961080803996,0.4928240474862304,0.8051851851851851,0.10401436838293035,0.026856394434224835,0.7525466520941044,0.8578237182762658,0.15066666666666664,0.034701549401492116,0.008959901527971527,0.13310525967184245,0.16822807366149084
imitation_period,12.0,15,1.0,1.0,1,0.0,0,0.0,0.13333333333333333,0.0,0.3053639938219455,0.8666666666666667,0.6946360061780545,1.0,0.5599999999999999,0.09102589898327992,0.023502786055720117,0.5139345393307885,0.6060654606692114,14.321555555555557,0.5183913525091455,0.13384807167239057,14.059213335077672,14.583897776033442,0.35959685224655735,0.03219628935608395,0.008313046165719217,0.3433032817617477,0.375890422731367,0.8201481481481482,0.045446766476685246,0.011734304646878631,0.7971489110402661,0.8431473852560303,0.16133333333333333,0.031284099561303534,0.008077519773468224,0.1455013945773356,0.17716527208933106
imitation_period,14.0,15,1.0,1.0,1,0.0,0,0.0,0.13333333333333333,0.0,0.3053639938219455,0.8,0.5975720704382257,1.0,0.5666666666666667,0.08997354108424371,0.023231068414572315,0.5211337725741049,0.6121995607592284,14.47288888888889,0.5596865146749515,0.14451043669553065,14.189648432965651,14.75612934481213,0.36513132437933205,0.04981103621102719,0.01286115424684286,0.33992346205552004,0.39033918670314405,0.8305185185185187,0.04348136430403435,0.011226839987993512,0.8085139121420514,0.8525231248949859,0.16,0.032532713152211755,0.008399910416363942,0.14353617558392667,0.17646382441607333
imitation_period,16.0,15,1.0,1.0,1,0.0,0,0.0,0.06666666666666667,0.0,0.19290265965569464,0.9333333333333333,0.8070973403443054,1.0,0.5933333333333333,0.05936168397046635,0.015327120894696263,0.5632921763797286,0.6233744902869379,14.452814814814813,0.5198208663551103,0.1342171705602969,14.189749160516632,14.715880469112994,0.35680153930750796,0.025196596427870102,0.006505733223083346,0.3440503021902646,0.3695527764247513,0.835111111111111,0.029516384114876455,0.007621097607811844,0.8201737597997998,0.8500484624224223,0.15822222222222224,0.031423600697183224,0.008113538811870826,0.14231968615095542,0.17412475829348906
imitation_period,17.0,15,1.0,1.0,1,0.0,0,0.0,0.2,0.0,0.4024279295617743,0.8666666666666667,0.6946360061780545,1.0,0.5799999999999998,0.094112394811432,0.02429971585175823,0.5323725569305537,0.627627443069446,14.258148148148148,0.4643562737502244,0.11989627432943677,14.023151450462452,14.493144845833845,0.35910891583185656,0.03175120574376364,0.008198126071173456,0.3430405887323566,0.3751772429313565,0.8202222222222223,0.038246854373772184,0.00987529533562933,0.8008666433643888,0.8395778010800558,0.15000000000000002,0.02402600002598596,0.006203486531774839,0.13784116639772134,0.1621588336022787
imitation_period,19.0,15,1.0,1.0,1,0.0,0,0.0,0.2,0.0,0.4024279295617743,0.8666666666666667,0.6946360061780545,1.0,0.5999999999999999,0.0654653670707977,0.016903085094570326,0.5668699532146421,0.6331300467853577,14.49674074074074,0.47331423067993517,0.12220920886309096,14.257210691369082,14.7362707901124,0.3538633045498362,0.03721221779796195,0.009608153320463326,0.3350313240417281,0.37269528505794436,0.8443703703703703,0.035492172340842634,0.009164039493120469,0.8264088529638542,0.8623318877768864,0.15333333333333332,0.034518609351107864,0.008912666610072024,0.13586450677759215,0.1708021598890745
imitation_period,21.0,15,1.0,1.0,1,0.0,0,0.0,0.4666666666666667,0.2141946806886107,0.7191386526447227,0.9333333333333333,0.8070973403443054,1.0,0.6266666666666666,0.079880863671798,0.02062515031210258,0.5862413720549455,0.6670919612783877,14.60822222222222,0.572804573449863,0.14789750490685083,14.318343112604794,14.898101331839648,0.3496425496563458,0.03791435738773065,0.009789444982989129,0.3304552374896871,0.3688298618230045,0.8501481481481481,0.0378054675988076,0.009761329760384397,0.8310159418177947,0.8692803544785015,0.16162962962962962,0.029680445841889065,0.007663458163576501,0.1466092516290197,0.17665000763023955
imitation_period,22.0,15,1.0,1.0,1,0.0,0,0.0,0.26666666666666666,0.0428741701850342,0.4904591631482991,0.9333333333333333,0.8070973403443054,1.0,0.5999999999999999,0.07559289460184543,0.01951800145897066,0.5617447171404174,0.6382552828595823,14.247925925925925,0.3406379186936908,0.08795233241249471,14.075539354397435,14.420312497454415,0.3503847571066979,0.02890024008846563,0.007462009904268223,0.3357592176943322,0.36501029651906364,0.8284444444444443,0.03540593519332006,0.009141773157375178,0.810526569055989,0.8463623198328997,0.14703703703703702,0.02061517166465224,0.005322814435760344,0.13660432074294676,0.15746975333112728
imitation_period,24.0,15,1.0,1.0,1,0.0,0,0.0,0.2,0.0,0.4024279295617743,0.9333333333333333,0.8070973403443054,1.0,0.5866666666666666,0.08338093878327917,0.021528865819918686,0.544470089659626,0.6288632436737072,14.355629629629629,0.5171560179044535,0.13352910964899287,14.093912574717603,14.617346684541655,0.3596148030619378,0.02260907714815408,0.005837638617861295,0.3481730313709297,0.37105657475294596,0.8261481481481482,0.037167969623082865,0.009596728490836206,0.8073385603061092,0.8449577359901872,0.15799999999999997,0.029451781056625544,0.007604417169897187,0.1430953423470015,0.17290465765299845
imitation_period,26.0,15,1.0,1.0,1,0.0,0,0.0,0.3333333333333333,0.09476973050886098,0.5718969361578057,1.0,1.0,1.0,0.6333333333333332,0.04879500364742665,0.012598815766974239,0.6086396544300637,0.6580270122366026,14.467481481481483,0.6692640495490643,0.17280323454125743,14.128787141780618,14.806175821182348,0.34226475389123256,0.030785565371626973,0.007948798799192735,0.3266851082448148,0.35784439953765035,0.8437037037037037,0.03473423072769228,0.008968339810111874,0.8261257576758845,0.861281649731523,0.15192592592592594,0.038525436904125215,0.009947225035669438,0.13242936485601384,0.17142248699583804
imitation_period,28.0,15,1.0,1.0,1,0.0,0,0.0,0.4,0.15207743144279912,0.647922568557201,1.0,1.0,1.0,0.6333333333333332,0.061721339984836754,0.01593638145779191,0.6020980256760611,0.6645686409906053,14.477111111111109,0.5118086682294272,0.13214842989981124,14.218100188507478,14.73612203371474,0.3487185422596999,0.030335309646647303,0.00783254327090068,0.33336675744873456,0.3640703270706652,0.8408148148148149,0.029862904461960393,0.007710568776703717,0.8257021000124756,0.8559275296171542,0.15777777777777774,0.037258333584806964,0.009620060365426524,0.13892245946154175,0.17663309609401373
imitation_period,29.0,15,1.0,1.0,1,0.0,0,0.0,0.0,0.0,0.0,0.9333333333333333,0.8070973403443054,1.0,0.5599999999999999,0.10555973258234948,0.027255405754769865,0.506579404720651,0.6134205952793489,14.201185185185187,0.5058571343069285,0.1306117504487295,13.945186154305677,14.457184216064697,0.36305103030927466,0.03800332914777487,0.009812417392651398,0.3438186922196779,0.3822833683988714,0.8197777777777778,0.03142191688408259,0.008113104053197703,0.8038760938335103,0.8356794617220453,0.14711111111111114,0.028848567709793244,0.007448668153464418,0.13251172153032087,0.1617105006919014
imitation_period,31.0,15,1.0,1.0,1,0.0,0,0.0,0.26666666666666666,0.0428741701850342,0.4904591631482991,1.0,1.0,1.0,0.6199999999999999,0.0560611910581388,0.014474937289114915,0.5916291229133347,0.6483708770866651,14.388074074074073,0.5368666797852234,0.13861838066278934,14.116382047975005,14.65976610017314,0.33956576554086026,0.025249207010596273,0.006519317217132194,0.32678790379528116,0.35234362728643936,0.8524444444444444,0.03252512256523559,0.008397950535234167,0.8359844613953855,0.8689044274935034,0.1442962962962963,0.03307003595510175,0.008538646567505971,0.12756054902398462,0.161032043568608
imitation_period,33.0,15,1.0,1.0,1,0.0,0,0.0,0.26666666666666666,0.0428741701850342,0.4904591631482991,1.0,1.0,1.0,0.6199999999999999,0.0560611910581388,0.014474937289114915,0.5916291229133347,0.6483708770866651,14.421111111111113,0.7125802037225097,0.1839874174569579,14.060495772895475,14.78172644932675,0.3444877263229798,0.022489458902712173,0.005806753319694691,0.3331064898163782,0.3558689628295814,0.8397037037037037,0.031394589078342805,0.008106048044096462,0.8238158495372747,0.8555915578701327,0.15659259259259262,0.04294179372641638,0.011087523463912317,0.13486104660332449,0.17832413858186075
imitation_period,34.0,15,1.0,1.0,1,0.0,0,0.0,0.2,0.0,0.4024279295617743,1.0,1.0,1.0,0.6133333333333332,0.051639777949432225,0.013333333333333332,0.5871999999999998,0.6394666666666665,14.521037037037036,0.46010838893769457,0.11879947518706772,14.288190065670383,14.75388400840369,0.3394634371752777,0.023812878807656843,0.006148458869820699,0.32741245779042916,0.3515144165601263,0.8545925925925925,0.03429271925304803,0.008854342037548098,0.8372380821989982,0.8719471029861867,0.15162962962962964,0.028860995895294315,0.007451877097162367,0.13702395051919142,0.16623530874006787
imitation_period,36.0,15,1.0,1.0,1,0.0,0,0.0,0.3333333333333333,0.09476973050886098,0.5718969361578057,1.0,1.0,1.0,0.6199999999999998,0.06761234037828132,0.017457431218879386,0.5857834348109962,0.6542165651890034,14.222592592592592,0.5950632688586469,0.15364467534861906,13.921449028909299,14.523736156275886,0.3341869394182746,0.02553579192903379,0.006593313124891042,0.32126404569348815,0.34710983314306104,0.8395555555555555,0.03423335213777737,0.00883901351429772,0.822231089067532,0.856880022043579,0.13237037037037036,0.0289098418113405,0.007464489058454174,0.11773997181580018,0.14700076892494054
imitation_period,38.0,15,1.0,1.0,1,0.0,0,0.0,0.2,0.0,0.4024279295617743,1.0,1.0,1.0,0.6133333333333332,0.051639777949432204,0.013333333333333327,0.5871999999999998,0.6394666666666665,14.48066666666667,0.3891860089457006,0.10048739541490861,14.28371137165345,14.67762196167989,0.34272211139916353,0.028920250029182557,0.0074671764487452405,0.32808644555962285,0.3573577772387042,0.8450370370370369,0.02743556397247827,0.007083832157281103,0.831152726008766,0.8589213480653078,0.1517777777777778,0.02974257573391178,0.007679500032716877,0.1367259577136527,0.16682959784190288
imitation_period,39.0,15,1.0,1.0,1,0.0,0,0.0,0.26666666666666666,0.0428741701850342,0.4904591631482991,0.8666666666666667,0.6946360061780545,1.0,0.6066666666666666,0.079880863671798,0.02062515031210258,0.5662413720549455,0.6470919612783876,14.464888888888886,0.44754391466710314,0.11555534188014424,14.238400418803803,14.69137735897397,0.3460253334241417,0.029395601498806455,0.007589911670441812,0.3311491065500758,0.36090156029820764,0.8468888888888889,0.0375487924783006,0.009695056529243769,0.8278865780915712,0.8658911996862066,0.14688888888888887,0.020359208100939354,0.00525672492779395,0.13658570803041273,0.15719206974736502
imitation_period,41.0,15,1.0,1.0,1,0.0,0,0.0,0.13333333333333333,0.0,0.3053639938219455,0.8,0.5975720704382257,1.0,0.5666666666666667,0.0899735410842437,0.02323106841457231,0.521133772574105,0.6121995607592283,14.354296296296297,0.6255349550678665,0.16151243089656345,14.037731931739033,14.670860660853561,0.36670409273580323,0.033025759048235036,0.008527214319311546,0.3499907526699526,0.38341743280165386,0.8222962962962962,0.042917143967483334,0.01108115892352327,0.8005772248061905,0.8440153677864018,0.15748148148148147,0.025230740001725788,0.006514549055944885,0.1447129653318295,0.17024999763113344
imitation_period,43.0,15,1.0,1.0,1,0.0,0,0.0,0.26666666666666666,0.0428741701850342,0.4904591631482991,0.8,0.5975720704382257,1.0,0.5933333333333333,0.079880863671798,0.02062515031210258,0.5529080387216122,0.6337586279450543,14.307111111111112,0.45131061348174606,0.11652789933209699,14.078716428420202,14.535505793802022,0.3648736881166699,0.03650069719381671,0.009424439490440794,0.34640178671540595,0.3833455895179339,0.8215555555555556,0.034021468478893105,0.008784305388818237,0.8043383169934718,0.8387727941176394,0.15162962962962964,0.026788302833966167,0.006916710049940794,0.1380728779317457,0.1651863813275136
imitation_period,44.0,15,1.0,1.0,1,0.0,0,0.0,0.0,0.0,0.0,0.9333333333333333,0.8070973403443054,1.0,0.58,0.04140393356054124,0.010690449676496972,0.5590467186340659,0.6009532813659341,14.527555555555555,0.6106788081323439,0.15767659025189082,14.21850943866185,14.83660167244926,0.36397249651936237,0.019696388229361473,0.005085585572850185,0.354004748796576,0.3739402442421487,0.8336296296296297,0.02985404432191848,0.007708281098381891,0.8185213986768012,0.8487378605824583,0.16548148148148148,0.03984198654470352,0.010287156691163781,0.14531865436680047,0.1856443085961625
imitation_period,46.0,15,1.0,1.0,1,0.0,0,0.0,0.2,0.0,0.4024279295617743,0.8666666666666667,0.6946360061780545,1.0,0.5866666666666666,0.09154754164341267,0.023637473611411147,0.5403372183883007,0.6329961149450324,14.48325925925926,0.644481863536891,0.16640450162740664,14.157106436069542,14.809412082448977,0.3582327811258789,0.046709024176934934,0.012060218183657906,0.33459475348590945,0.3818708087658484,0.8303703703703704,0.04502530479322173,0.011625483708137383,0.8075844223024211,0.8531563184383197,0.162,0.0441681890523288,0.011404177375454011,0.13964781234411014,0.18435218765588987
imitation_period,48.0,15,0.9333333333333333,0.8070973403443054,1,0.0,0,0.0,0.13333333333333333,0.0,0.3053639938219455,0.7333333333333333,0.5095408368517008,0.9571258298149657,0.5399999999999998,0.16388149028228557,0.04231401884099631,0.457064523071647,0.6229354769283526,13.65074074074074,3.6907494511109737,0.9529474106117977,11.782963815941617,15.518517665539864,0.7037182563401472,1.3342368575556505,0.3444984752806101,0.02850124479015137,1.378935267890143,0.7855555555555556,0.212992038502871,0.05499430786642588,0.6777667121373608,0.8933443989737503,0.15733333333333333,0.05323535974647735,0.013745310781831164,0.13039252420094424,0.1842741424657224
imitation_period,50.0,15,1.0,1.0,1,0.0,0,0.0,0.3333333333333333,0.09476973050886098,0.5718969361578057,0.8,0.5975720704382257,1.0,0.5933333333333333,0.10997835284835873,0.02839628860166776,0.5376766076740644,0.6489900589926021,14.340740740740745,0.4102385993623949,0.1059231508868008,14.133131365002615,14.548350116478876,0.3591852431526796,0.03807699064775348,0.009831436710162986,0.33991562720076013,0.37845485910459903,0.8237037037037036,0.041528695730506784,0.010722663130264522,0.8026872839683852,0.844720123439022,0.15296296296296302,0.022021580992164794,0.005685947762654136,0.14181850534816093,0.16410742057776512
cooperation_increase,0.01,15,1.0,1.0,1,0.0,0,0.0,0.2,0.0,0.4024279295617743,0.9333333333333333,0.8070973403443054,1.0,0.6066666666666667,0.05936168397046636,0.015327120894696265,0.576625509713062,0.6367078236202713,14.525111111111109,0.4550443899504715,0.11749195627088597,14.294826876820173,14.755395345402045,0.353121481127855,0.03229853637356452,0.00833944623211266,0.3367761665129142,0.36946679574279584,0.8478518518518519,0.026641743202981138,0.006878868515938706,0.834369269560612,0.8613344341430917,0.15733333333333335,0.03414565749734402,0.008816370855501054,0.1400532464565513,0.17461342021011542
cooperation_increase,0.0406896551724138,15,0.9333333333333333,0.8070973403443054,1,0.0,0,0.0,0.26666666666666666,0.0428741701850342,0.4904591631482991,0.8666666666666667,0.6946360061780545,1.0,0.5799999999999998,0.15212776585113297,0.039279220242478624,0.5030127283247418,0.6569872716752579,13.484740740740738,3.7759238790666294,0.9749393533447975,11.573859608184936,15.395621873296541,0.35582546428426215,0.04298279383562588,0.011487634861375072,0.333309699955967,0.3783412286125573,0.7802222222222223,0.2190444214167343,0.056557026415110075,0.6693704504486065,0.891073993995838,0.14392592592592593,0.05414538314729115,0.013980277813565223,0.11652458141133809,0.17132727044051377
cooperation_increase,0.07137931034482758,15,1.0,1.0,1,0.0,0,0.0,0.26666666666666666,0.0428741701850342,0.4904591631482991,0.8666666666666667,0.6946360061780545,1.0,0.5999999999999999,0.07559289460184543,0.01951800145897066,0.5617447171404174,0.6382552828595823,14.482740740740741,0.44910961622291246,0.11595960428352961,14.255459916345023,14.71002156513646,0.34486962329372456,0.03692854946418372,0.009534910471625357,0.3261811987693389,0.36355804781811024,0.845111111111111,0.0326323110561867,0.008425626484591416,0.8285968832013119,0.8616253390209102,0.15400000000000003,0.0354606869287711,0.009155909994680366,0.1360544164104265,0.17194558358957354
cooperation_increase,0.10206896551724139,15,1.0,1.0,1,0.0,0,0.0,0.4,0.15207743144279912,0.647922568557201,1.0,1.0,1.0,0.6066666666666666,0.079880863671798,0.02062515031210258,0.5662413720549455,0.6470919612783876,14.402,0.5601003311482515,0.14461728364949583,14.118550124046987,14.685449875953012,0.3534269682465651,0.02656072736846742,0.006857950317415324,0.3399853856244311,0.36686855086869913,0.8307407407407408,0.04021912350307591,0.010384533035098153,0.8103870559919484,0.8510944254895332,0.15214814814814812,0.03387253486911969,0.008745850896128705,0.13500628039173584,0.1692900159045604
cooperation_increase,0.1327586206896552,15,1.0,1.0,1,0.0,0,0.0,0.4,0.15207743144279912,0.647922568557201,0.8666666666666667,0.6946360061780545,1.0,0.6133333333333332,0.09154754164341268,0.02363747361141115,0.5670038850549673,0.659662781611699,14.49074074074074,0.5471930403413416,0.14128463549350795,14.213822855173465,14.767658626308016,0.3631615103008041,0.0428611239881333,0.011066694627051432,0.34147078883178333,0.3848522317698249,0.8348148148148147,0.049879337061813925,0.012878789450684781,0.8095723874914725,0.8600572421381568,0.16407407407407407,0.02536042364779287,0.006548033229377769,0.15123992894449365,0.1769082192036545
cooperation_increase,0.16344827586206898,15,1.0,1.0,1,0.0,0,0.0,0.06666666666666667,0.0,0.19290265965569464,0.9333333333333333,0.8070973403443054,1.0,0.5866666666666666,0.051639777949432204,0.013333333333333327,0.5605333333333332,0.6127999999999999,14.351037037037038,0.4159442343801033,0.10739633951367564,14.140540211590235,14.561533862483842,0.35824320929620695,0.022307639858626688,0.005759807844376929,0.34695398592122817,0.36953243267118574,0.8317777777777777,0.033069858183581415,0.008538600667096791,0.815042120470268,0.8485134350852874,0.15437037037037038,0.01856143175973215,0.0047925410724805355,0.14497698986830854,0.16376375087243222
cooperation_increase,0.1941379310344828,15,1.0,1.0,1,0.0,0,0.0,0.2,0.0,0.4024279295617743,0.7333333333333333,0.5095408368517008,0.9571258298149657,0.56,0.10555973258234949,0.027255405754769868,0.5065794047206511,0.613420595279349,14.27111111111111,0.4644089376569548,0.11990987209168429,14.036087761811409,14.506134460410813,0.3690973411879737,0.050815069560839275,0.013120394543033462,0.3433813678836281,0.3948133144923193,0.8197037037037037,0.038332681537285085,0.00989745581395851,0.8003046903083451,0.8391027170990624,0.1568888888888889,0.03237566094331905,0.008359359710395505,0.14050454385651373,0.1732732339212641
cooperation_increase,0.22482758620689658,15,1.0,1.0,1,0.0,0,0.0,0.06666666666666667,0.0,0.19290265965569464,0.8666666666666667,0.6946360061780545,1.0,0.5533333333333333,0.08338093878327917,0.021528865819918686,0.5111367563262927,0.595529910340374,14.03874074074074,0.4943464976406433,0.1276397168412117,13.788566895731966,14.288914585749515,0.3631635961438949,0.03054627086437039,0.007887013223096491,0.34770505022662573,0.378622142061164,0.8167407407407407,0.03864656170132744,0.009978499323827904,0.7971828820660379,0.8362985994154434,0.1382962962962963,0.02024047086378605,0.005226067104989321,0.12805320477051724,0.14853938782207537
cooperation_increase,0.25551724137931037,15,1.0,1.0,1,0.0,0,0.0,0.0,0.0,0.0,1.0,1.0,1.0,0.5799999999999998,0.04140393356054124,0.010690449676496972,0.5590467186340657,0.600953281365934,14.265555555555554,0.5392656186031216,0.13923778400214204,13.992649498911357,14.538461612199752,0.350041673722604,0.024333945579263508,0.006282997731733677,0.33772699816840596,0.362356349276802,0.8313333333333334,0.03186501512179967,0.008227511526225174,0.815207410741932,0.8474592559247347,0.14940740740740738,0.030260091431635022,0.007813122011295746,0.1340936882652677,0.16472112654954704
cooperation_increase,0.28620689655172415,15,1.0,1.0,1,0.0,0,0.0,0.26666666666666666,0.0428741701850342,0.4904591631482991,0.9333333333333333,0.8070973403443054,1.0,0.5933333333333333,0.079880863671798,0.02062515031210258,0.5529080387216122,0.6337586279450543,14.380666666666666,0.7553031557876989,0.19501843624691093,13.998430531622722,14.762902801710611,0.3536789081911946,0.03422857598252826,0.00883778031631514,0.3363568587712169,0.37100095761117224,0.8333333333333334,0.04681382692682144,0.012087278137321052,0.809642268184184,0.8570243984824827,0.15318518518518515,0.03806813409700137,0.009829149958591802,0.1339200512663452,0.17245031910402508
cooperation_increase,0.31689655172413794,15,1.0,1.0,1,0.0,0,0.0,0.3333333333333333,0.09476973050886098,0.5718969361578057,0.9333333333333333,0.8070973403443054,1.0,0.6199999999999999,0.07745966692414832,0.019999999999999997,0.5807999999999999,0.6591999999999999,14.340148148148149,0.4631547496932674,0.11958604215192596,14.105759505530374,14.574536790765924,0.34903668551842754,0.024909397133604676,0.006431578684167845,0.33643079129745856,0.3616425797393965,0.8375555555555556,0.026690465570704303,0.00689144857719068,0.8240483163442619,0.8510627947668493,0.1531111111111111,0.030301832588163012,0.007823899531568035,0.13777626802923773,0.16844595419298444
cooperation_increase,0.34758620689655173,15,1.0,1.0,1,0.0,0,0.0,0.26666666666666666,0.0428741701850342,0.4904591631482991,1.0,1.0,1.0,0.6199999999999999,0.0560611910581388,0.014474937289114915,0.5916291229133347,0.6483708770866651,14.361185185185183,0.49687479511677757,0.1282925204425001,14.109731845117883,14.612638525252484,0.3375604568727611,0.030863676654426297,0.007968967045688245,0.32194128146321216,0.35317963228231003,0.8444444444444446,0.04006828386809244,0.010345586408815555,0.8241670950831661,0.864721793805723,0.14918518518518517,0.03012749705463748,0.007778886290368265,0.13393856805606338,0.16443180231430696
cooperation_increase,0.3782758620689656,15,1.0,1.0,1,0.0,0,0.0,0.2,0.0,0.4024279295617743,0.8666666666666667,0.6946360061780545,1.0,0.5933333333333333,0.07037315505489966,0.018170270503179913,0.5577196031471007,0.6289470635195659,14.718148148148147,0.5918207440288861,0.1528074590375972,14.418645528434457,15.017650767861838,0.359003827948275,0.030126130277226017,0.0077785333899580925,0.34375790250395716,0.37424975339259287,0.8374074074074073,0.03639307904305404,0.00939665260339723,0.8189899683047487,0.8558248465100659,0.18177777777777776,0.0412584233289498,0.010652879096253209,0.16089813474912146,0.20265742080643406
cooperation_increase,0.40896551724137936,15,1.0,1.0,1,0.0,0,0.0,0.13333333333333333,0.0,0.3053639938219455,0.7333333333333333,0.5095408368517008,0.9571258298149657,0.5666666666666667,0.0975900072948533,0.025197631533948477,0.5172793088601276,0.6160540244732057,14.531851851851851,0.4587337196178227,0.11844453709490733,14.299700559145833,14.764003144557869,0.3573961314521784,0.04472940733831311,0.011549083313800966,0.3347599281571285,0.3800323347472283,0.838,0.04412624185740899,0.01139334665629771,0.8156690405536564,0.8603309594463435,0.15770370370370365,0.03095330347288918,0.007992108590706933,0.14203917086591805,0.17336823654148925
cooperation_increase,0.43965517241379315,15,1.0,1.0,1,0.0,0,0.0,0.2,0.0,0.4024279295617743,0.9333333333333333,0.8070973403443054,1.0,0.5999999999999999,0.07559289460184543,0.01951800145897066,0.5617447171404174,0.6382552828595823,14.359777777777776,0.4354262036625481,0.11242656235249117,14.139421715566893,14.580133839988658,0.3584430495928615,0.03240287935067345,0.008366387472955098,0.3420449301458695,0.3748411690398535,0.8364444444444444,0.03409500162490786,0.008803291565478865,0.8191899929761058,0.853698895912783,0.1528888888888889,0.02401057967871531,0.006199505015230041,0.14073785905903802,0.1650399187187398
cooperation_increase,0.47034482758620694,15,1.0,1.0,1,0.0,0,0.0,0.26666666666666666,0.0428741701850342,0.4904591631482991,1.0,1.0,1.0,0.6199999999999999,0.0560611910581388,0.014474937289114915,0.5916291229133347,0.6483708770866651,14.557555555555556,0.535227819103372,0.13819522865428505,14.286692907393157,14.828418203717955,0.3465520909760134,0.021517225088476068,0.005555723628284282,0.33566287266457623,0.3574413092874506,0.841777777777778,0.02736132261621579,0.007064663121520807,0.8279310380595972,0.8556245174959587,0.16140740740740742,0.03559637207468596,0.009190943748710765,0.14339315765993432,0.1794216571548805
cooperation_increase,0.5010344827586207,15,1.0,1.0,1,0.0,0,0.0,0.26666666666666666,0.0428741701850342,0.4904591631482991,0.9333333333333333,0.8070973403443054,1.0,0.5933333333333333,0.08837151016885367,0.022817425810877975,0.5486111787440124,0.6380554879226541,14.388518518518516,0.4744651991049181,0.12250638763255559,14.148405998758708,14.628631038278325,0.35430739791249294,0.037681995392912594,0.009729449373907672,0.3352376771396339,0.37337711868535195,0.8337037037037036,0.03882231641229946,0.010023878995068711,0.8140569008733689,0.8533505065340383,0.1517037037037037,0.027611779132370142,0.0071293307159218024,0.13773021550049697,0.16567719190691044
cooperation_increase,0.5317241379310346,15,1.0,1.0,1,0.0,0,0.0,0.26666666666666666,0.0428741701850342,0.4904591631482991,1.0,1.0,1.0,0.6266666666666666,0.045773770821706326,0.011818736805705572,0.6035019425274837,0.6498313908058495,14.51659259259259,0.413500449802738,0.10676535704901867,14.307332492776514,14.725852692408665,0.34849077671102496,0.023530404157071676,0.006075524228657892,0.33658274922285547,0.36039880419919446,0.8426666666666666,0.029402635786297426,0.007591727915662143,0.8277868799519688,0.8575464533813644,0.16007407407407412,0.02864508436570987,0.007396128979940051,0.1455776612733916,0.17457048687475663
cooperation_increase,0.5624137931034483,15,1.0,1.0,1,0.0,0,0.0,0.2,0.0,0.4024279295617743,1.0,1.0,1.0,0.6066666666666666,0.05936168397046636,0.015327120894696265,0.5766255097130619,0.6367078236202712,14.496222222222224,0.5140510340505751,0.1327274062652386,14.236076505942357,14.756367938502091,0.3506618455057218,0.02418316113365361,0.00624406535528606,0.33842347740936113,0.3629002136020825,0.8368148148148148,0.03691800979716934,0.00953218914130394,0.8181317240978591,0.8554979055317705,0.16022222222222224,0.020372198090202607,0.005260078928599549,0.1499124675221671,0.17053197692227737
cooperation_increase,0.5931034482758621,15,1.0,1.0,1,0.0,0,0.0,0.13333333333333333,0.0,0.3053639938219455,0.9333333333333333,0.8070973403443054,1.0,0.5866666666666666,0.07432233529572063,0.019189944456771312,0.5490543755313948,0.6242789578019383,14.451037037037038,0.5051600522848736,0.13043176464457223,14.195390778333676,14.7066832957404,0.3535180968949661,0.032500835581737456,0.008391679663059641,0.3370704047553692,0.369965789034563,0.8362962962962963,0.037627306931606715,0.009715328873916513,0.8172542517034199,0.8553383408891727,0.15992592592592592,0.030133350501782185,0.007780397643922221,0.14467634654383837,0.17517550530801346
cooperation_increase,0.6237931034482759,15,1.0,1.0,1,0.0,0,0.0,0.26666666666666666,0.0428741701850342,0.4904591631482991,1.0,1.0,1.0,0.6199999999999998,0.056061191058138796,0.014474937289114913,0.5916291229133346,0.648370877086665,14.283777777777777,0.4548003418754406,0.11742894332886807,14.053617048853196,14.513938506702358,0.33968239714619247,0.026602473941544604,0.006868729236234602,0.3262196878431727,0.35314510644921226,0.8367407407407408,0.03006010048864473,0.007761484571856165,0.8215282309799027,0.8519532505015789,0.1434814814814815,0.025627458084595885,0.0066169812244845656,0.13051219828149174,0.15645076468147123
cooperation_increase,0.6544827586206897,15,1.0,1.0,1,0.0,0,0.0,0.3333333333333333,0.09476973050886098,0.5718969361578057,0.9333333333333333,0.8070973403443054,1.0,0.6133333333333333,0.08338093878327917,0.021528865819918686,0.5711367563262927,0.6555299103403739,14.528518518518519,0.6063250777769392,0.1565524619078668,14.2216756931791,14.835361343857938,0.34758647212874666,0.0317988661502729,0.008210431935219047,0.33149402553571733,0.363678918721776,0.8441481481481481,0.03804171725378202,0.00982232915900194,0.8248963829965043,0.8633999132997919,0.15718518518518515,0.03013452105477156,0.007780699879404467,0.1419350134215524,0.1724353569488179
cooperation_increase,0.6851724137931035,15,1.0,1.0,1,0.0,0,0.0,0.26666666666666666,0.0428741701850342,0.4904591631482991,1.0,1.0,1.0,0.6133333333333333,0.06399404734221843,0.016523191974188067,0.5809478770639247,0.6457187896027419,14.307185185185185,0.48196940682193423,0.12444396573352123,14.063275012347484,14.551095358022886,0.35069515326249223,0.02408919113896413,0.00621980240698769,0.33850434054479633,0.36288596598018813,0.8351851851851853,0.028679542656057315,0.007405026072250347,0.8206713340835746,0.8496990362867959,0.15037037037037035,0.025903996772599133,0.0066883832066991404,0.13726113928524003,0.16347960145550067
cooperation_increase,0.7158620689655173,15,1.0,1.0,1,0.0,0,0.0,0.13333333333333333,0.0,0.3053639938219455,0.9333333333333333,0.8070973403443054,1.0,0.5866666666666666,0.07432233529572063,0.019189944456771312,0.5490543755313948,0.6242789578019383,14.401851851851854,0.6737585312966379,0.1739637047384698,14.060882990564453,14.742820713139254,0.35361408464895167,0.031445679847625155,0.008119239624001493,0.3377003749859087,0.3695277943119946,0.8379259259259259,0.04439454871175516,0.011462623188201444,0.815459184477051,0.8603926673748007,0.1543703703703704,0.043197725678804914,0.011153604809869861,0.13250930494302549,0.17623143579771533
cooperation_increase,0.7465517241379311,15,1.0,1.0,1,0.0,0,0.0,0.13333333333333333,0.0,0.3053639938219455,0.9333333333333333,0.8070973403443054,1.0,0.5933333333333333,0.07037315505489966,0.018170270503179913,0.5577196031471007,0.6289470635195659,14.420962962962964,0.4176432717168407,0.1078350290676602,14.20960630599035,14.632319619935577,0.3531677329302931,0.031308177830050056,0.008083736755725608,0.33732360888907087,0.3690118569715153,0.836,0.030460313324565256,0.007864819081753406,0.8205849545997633,0.8514150454002366,0.15429629629629626,0.027843942364475575,0.007189275004691537,0.14020531728710084,0.1683872753054917
cooperation_increase,0.7772413793103449,15,1.0,1.0,1,0.0,0,0.0,0.3333333333333333,0.09476973050886098,0.5718969361578057,1.0,1.0,1.0,0.6333333333333332,0.04879500364742665,0.012598815766974239,0.6086396544300637,0.6580270122366026,14.360370370370369,0.49659771309756645,0.12822097817277092,14.109057253151738,14.611683487589,0.34282123701416384,0.024708890764812565,0.006379808162358487,0.3303168130159412,0.3553256610123865,0.8521481481481481,0.032045125443159725,0.008274015811232346,0.8359310771581328,0.8683652191381634,0.14385185185185184,0.030740039515174244,0.007937044073601851,0.12829524546759222,0.15940845823611147
cooperation_increase,0.8079310344827587,15,1.0,1.0,1,0.0,0,0.0,0.26666666666666666,0.0428741701850342,0.4904591631482991,0.9333333333333333,0.8070973403443054,1.0,0.6066666666666666,0.07037315505489967,0.018170270503179917,0.571052936480434,0.6422803968528992,14.449333333333332,0.6139446286552833,0.15851982148502727,14.138634483222678,14.760032183443986,0.3447563508076131,0.027531535936988726,0.007108612011964556,0.33082347126416256,0.3586892303510636,0.845925925925926,0.03906009178349705,0.010085272331921148,0.8261587921553605,0.8656930596964915,0.14822222222222223,0.030820067216180375,0.007957707137150652,0.13262511623340695,0.1638193282110375
cooperation_increase,0.8386206896551724,15,1.0,1.0,1,0.0,0,0.0,0.13333333333333333,0.0,0.3053639938219455,0.9333333333333333,0.8070973403443054,1.0,0.5933333333333333,0.07037315505489966,0.018170270503179913,0.5577196031471007,0.6289470635195659,14.545925925925927,0.5863392945825362,0.1513921548763445,14.249197302368291,14.842654549483562,0.35619983450847137,0.025715111265072345,0.006639613178366395,0.34318619267887324,0.3692134763380695,0.8356296296296297,0.02333509693511458,0.006025096120788966,0.8238204412328833,0.8474388180263761,0.16140740740740742,0.03253668846723456,0.008400936838289224,0.14494157120436055,0.17787324361045428
cooperation_increase,0.8693103448275863,15,1.0,1.0,1,0.0,0,0.0,0.2,0.0,0.4024279295617743,0.8,0.5975720704382257,1.0,0.58,0.10141851056742197,0.02618614682831908,0.5286751522164945,0.6313248477835054,14.431999999999999,0.48760404759501386,0.1258988237252545,14.1852383054985,14.678761694501498,0.3634277573607421,0.04458706448800759,0.011512330547888633,0.3408635894868804,0.38599192523460385,0.8377777777777778,0.04602353511881126,0.011883225669916545,0.8144866554647414,0.8610689000908143,0.15688888888888894,0.025956822104345016,0.006702022648706453,0.1437529244974243,0.17002485328035358
cooperation_increase,0.9,15,1.0,1.0,1,0.0,0,0.0,0.13333333333333333,0.0,0.3053639938219455,1.0,1.0,1.0,0.6133333333333333,0.03518657752744983,0.009085135251589957,0.5955264682402169,0.6311401984264496,14.37348148148148,0.6213474387359706,0.16043121882886982,14.059036292576895,14.687926670386066,0.34211634701672367,0.021083925683436557,0.005443846202974974,0.3314464084588927,0.3527862855745546,0.846,0.0294685435970018,0.007608745239211678,0.8310868593311451,0.8609131406688548,0.14718518518518517,0.03515866446898685,0.009077928130885366,0.12939244604864986,0.16497792432172048
q,0.01,15,1.0,1.0,1,0.0,0,0.0,0.13333333333333333,0.0,0.3053639938219455,1.0,1.0,1.0,0.5999999999999999,0.037796447300922714,0.00975900072948533,0.5808723585702086,0.6191276414297912,14.212592592592593,0.407154418805075,0.10512681889112103,14.006544027565996,14.41864115761919,0.34794429632342394,0.02103352400613056,0.005430832545853171,0.3372998645335517,0.3585887281132962,0.828962962962963,0.03152912672218517,0.00814078551436576,0.8130070233548061,0.8449189025711199,0.1442962962962963,0.027348642849802318,0.007061389219910595,0.13045597342527154,0.15813661916732108
q,0.07862068965517241,15,1.0,1.0,1,0.0,0,0.0,0.26666666666666666,0.0428741701850342,0.4904591631482991,1.0,1.0,1.0,0.6133333333333333,0.06399404734221843,0.016523191974188067,0.5809478770639247,0.6457187896027419,14.344814814814812,0.5873833204960309,0.15166172120807608,14.047557841246983,14.642071788382642,0.3463634167193653,0.019576197342827333,0.005054552419389343,0.3364564939773622,0.35627033946136843,0.8337037037037037,0.035310831076303416,0.009117217379951097,0.8158339576389996,0.8515734497684079,0.14711111111111114,0.03629635028610605,0.009371677345746635,0.12874262351344773,0.16547959870877454
q,0.14724137931034484,15,1.0,1.0,1,0.0,0,0.0,0.2,0.0,0.4024279295617743,1.0,1.0,1.0,0.5999999999999999,0.053452248382484864,0.013801311186847081,0.5729494300737796,0.6270505699262201,14.274962962962965,0.500609129255495,0.12925672137106187,14.021619789075684,14.528306136850246,0.35212692411257185,0.02690300963636325,0.006946327218966168,0.33851212276339815,0.36574172546174555,0.8283703703703702,0.03288820963119525,0.008491699212546505,0.811726639913779,0.8450141008269614,0.14703703703703705,0.03178872790210915,0.008207814250799184,0.13094972110547065,0.16312435296860345
q,0.21586206896551724,15,1.0,1.0,1,0.0,0,0.0,0.06666666666666667,0.0,0.19290265965569464,0.8666666666666667,0.6946360061780545,1.0,0.5933333333333333,0.04577377082170633,0.011818736805705573,0.5701686091941504,0.6164980574725162,14.530814814814816,0.35113132016048987,0.09066171702089346,14.353117849453865,14.708511780175767,0.37008057742142303,0.029783169358908537,0.007689981261621852,0.3550082141486442,0.38515294069420186,0.8337037037037037,0.024054122786858544,0.006210747797408765,0.8215306380207825,0.8458767693866249,0.16466666666666668,0.02080903344742069,0.005372869332835563,0.15413584277430897,0.1751974905590244
q,0.28448275862068967,15,1.0,1.0,1,0.0,0,0.0,0.3333333333333333,0.09476973050886098,0.5718969361578057,1.0,1.0,1.0,0.6266666666666665,0.05936168397046635,0.015327120894696263,0.5966255097130618,0.6567078236202711,14.458370370370373,0.3515739030255995,0.09077599142528588,14.280449427176812,14.636291313563934,0.34517994323311013,0.022342774985284756,0.005768879695071168,0.33387293903077064,0.3564869474354496,0.8437777777777777,0.02800793538346668,0.007231617820121326,0.82960380685034,0.8579517487052155,0.158,0.022404805481011775,0.005784895900198351,0.14666160403561124,0.16933839596438877
q,0.3531034482758621,15,1.0,1.0,1,0.0,0,0.0,0.26666666666666666,0.0428741701850342,0.4904591631482991,0.9333333333333333,0.8070973403443054,1.0,0.6199999999999999,0.0560611910581388,0.014474937289114915,0.5916291229133347,0.6483708770866651,14.64659259259259,0.31558754216002877,0.08148435300375483,14.48688326070523,14.80630192447995,0.3534724321966667,0.02748756978619735,0.0070972600006437665,0.3395618025954049,0.36738306179792846,0.8463703703703704,0.02249227445917498,0.005807480293247408,0.8349877089956055,0.8577530317451354,0.16859259259259263,0.025248209347394385,0.006519059621601125,0.15581523573425443,0.18136994945093082
q,0.42172413793103447,15,1.0,1.0,1,0.0,0,0.0,0.2,0.0,0.4024279295617743,1.0,1.0,1.0,0.5999999999999999,0.0654653670707977,0.016903085094570326,0.5668699532146421,0.6331300467853577,14.489555555555558,0.46739187792312015,0.12068006395659028,14.253022630200642,14.726088480910475,0.36021173593905836,0.018798390613418803,0.00485372358541819,0.3506984377116387,0.369725034166478,0.8240740740740742,0.03133892403874034,0.008091675392673374,0.8082143903044343,0.839933757843714,0.17096296296296296,0.026556872739687067,0.00685695505654385,0.157523331052137,0.1844025948737889
q,0.4903448275862069,15,1.0,1.0,1,0.0,0,0.0,0.26666666666666666,0.0428741701850342,0.4904591631482991,0.8666666666666667,0.6946360061780545,1.0,0.6,0.09258200997725512,0.023904572186687865,0.5531470385140917,0.6468529614859082,14.552666666666665,0.3341418237476788,0.08627504790974226,14.383567572763571,14.72176576056976,0.3571317459266463,0.03994909932498472,0.010314813092110119,0.33691471226611047,0.37734877958718216,0.8420740740740739,0.03689172552362554,0.00952540257105712,0.8234042850348019,0.8607438631133458,0.16251851851851853,0.02244124865927516,0.005794305488364814,0.1511616797613235,0.17387535727571357
q,0.5589655172413793,15,1.0,1.0,1,0.0,0,0.0,0.3333333333333333,0.09476973050886098,0.5718969361578057,0.9333333333333333,0.8070973403443054,1.0,0.6133333333333332,0.08338093878327918,0.02152886581991869,0.5711367563262926,0.6555299103403738,14.373703703703702,0.4127807508420492,0.10657953157641664,14.164807821813925,14.58259958559348,0.35310541076414614,0.04126079737517509,0.010653492072352787,0.33222456630233466,0.37398625522595763,0.8360000000000001,0.03265122191846669,0.008430509248236273,0.8194762018734569,0.8525237981265432,0.1531111111111111,0.03406136178785331,0.008794605796900104,0.13587368374918687,0.1703485384730353
q,0.6275862068965518,15,1.0,1.0,1,0.0,0,0.0,0.26666666666666666,0.0428741701850342,0.4904591631482991,0.9333333333333333,0.8070973403443054,1.0,0.6133333333333332,0.07432233529572065,0.019189944456771316,0.5757210421980614,0.6509456244686049,14.48451851851852,0.5223041925986368,0.13485836263925544,14.220196127745579,14.748840909291461,0.34950027054544736,0.03525411630340364,0.00910257368855611,0.3316592261158774,0.3673413149750173,0.8453333333333334,0.03168183986248763,0.008180215877641658,0.8293001102131558,0.861366556453511,0.154962962962963,0.037001517359293044,0.009553750701129774,0.13623761158874864,0.17368831433717735
q,0.6962068965517242,15,1.0,1.0,1,0.0,0,0.0,0.4,0.15207743144279912,0.647922568557201,0.8666666666666667,0.6946360061780545,1.0,0.6066666666666667,0.10327955589886442,0.026666666666666658,0.5544,0.6589333333333334,14.423407407407407,0.3975694379173311,0.1026519874676578,14.222209511970798,14.624605302844015,0.3678882883710753,0.04762756640202023,0.012297384766360817,0.3437854142290081,0.3919911625131425,0.8280740740740741,0.034771784733048386,0.00897803621260038,0.8104771230973773,0.8456710250507709,0.16355555555555557,0.027730753848294657,0.007160049855481496,0.14952185783881183,0.1775892532722993
q,0.7648275862068966,15,1.0,1.0,1,0.0,0,0.0,0.3333333333333333,0.09476973050886098,0.5718969361578057,1.0,1.0,1.0,0.6199999999999999,0.06761234037828132,0.017457431218879386,0.5857834348109963,0.6542165651890035,14.406888888888888,0.5087435156605254,0.13135701090961516,14.149429147506043,14.664348630271734,0.3492316626882039,0.029930000876182555,0.007727892996361895,0.33408499241533457,0.3643783329610732,0.8382222222222222,0.024950745129949176,0.006442254690917265,0.8255954030280244,0.85084904141642,0.15311111111111111,0.029853256626655177,0.007708077716339447,0.1380032787870858,0.16821894343513644
q,0.8334482758620689,15,1.0,1.0,1,0.0,0,0.0,0.26666666666666666,0.0428741701850342,0.4904591631482991,1.0,1.0,1.0,0.6066666666666666,0.07037315505489966,0.018170270503179913,0.571052936480434,0.6422803968528992,14.406814814814819,0.6517044355916128,0.1682693617130547,14.077006865857232,14.736622763772406,0.35514274472551494,0.02536192400879263,0.006548420620922127,0.3423078403085076,0.3679776491425223,0.8327407407407408,0.036932338789224986,0.009535888871143905,0.8140503985532987,0.8514310829281828,0.15399999999999997,0.03457170550999023,0.008926375979345291,0.1365043030804832,0.17149569691951674
q,0.9020689655172414,15,1.0,1.0,1,0.0,0,0.0,0.2,0.0,0.4024279295617743,0.9333333333333333,0.8070973403443054,1.0,0.5999999999999999,0.07559289460184543,0.01951800145897066,0.5617447171404174,0.6382552828595823,14.275333333333332,0.3998300344363713,0.10323567097904025,14.072991418214414,14.47767524845225,0.3549718039969063,0.0319032543931307,0.008237384863627586,0.33882652966419624,0.3711170783296164,0.8366666666666667,0.03172300752370756,0.00819084532206213,0.8206126098354249,0.8527207234979084,0.1482222222222222,0.030254068188845424,0.007811566816694794,0.1329115512615004,0.163532893182944
q,0.9706896551724138,15,1.0,1.0,1,0.0,0,0.0,0.26666666666666666,0.0428741701850342,0.4904591631482991,0.9333333333333333,0.8070973403443054,1.0,0.6066666666666667,0.079880863671798,0.02062515031210258,0.5662413720549456,0.6470919612783878,14.424296296296294,0.5489839688016178,0.14174705123356784,14.146472075878501,14.702120516714087,0.3563544868428504,0.03273088722734795,0.008451078742540778,0.3397903725074705,0.37291860117823034,0.8388148148148148,0.03644102448787689,0.009409032064018923,0.8203731119693377,0.8572565176602919,0.15785185185185185,0.038046353114362524,0.00982352613305685,0.13859774063106042,0.17710596307264329
q,1.0393103448275862,15,1.0,1.0,1,0.0,0,0.0,0.4,0.15207743144279912,0.647922568557201,0.9333333333333333,0.8070973403443054,1.0,0.6333333333333332,0.061721339984836754,0.01593638145779191,0.6020980256760611,0.6645686409906053,14.583555555555558,0.4335555392838834,0.11194355888683039,14.36414618013737,14.802964930973745,0.34387656791498966,0.03171012217341153,0.008187518338921692,0.3278290319707031,0.3599241038592762,0.8497777777777777,0.023720149718024604,0.00612451632183039,0.8377737257869902,0.8617818297685653,0.16355555555555557,0.03669359280700678,0.009474244923603567,0.14498603550529257,0.18212507560581856
q,1.1079310344827586,15,1.0,1.0,1,0.0,0,0.0,0.2,0.0,0.4024279295617743,0.8666666666666667,0.6946360061780545,1.0,0.5999999999999999,0.07559289460184543,0.01951800145897066,0.5617447171404174,0.6382552828595823,14.608444444444446,0.37691236075458456,0.0973183530788152,14.417700472409969,14.799188416478923,0.3568772082091527,0.041465314203028375,0.010706298090239118,0.335892863952284,0.3778615524660214,0.8450370370370369,0.028680157606422223,0.007405184851751815,0.8305228747276033,0.8595511993464705,0.16481481481481483,0.03328214764923977,0.008593413571434796,0.14797172421480262,0.18165790541482704
q,1.176551724137931,15,1.0,1.0,1,0.0,0,0.0,0.3333333333333333,0.09476973050886098,0.5718969361578057,1.0,1.0,1.0,0.6333333333333332,0.04879500364742665,0.012598815766974239,0.6086396544300637,0.6580270122366026,14.609333333333336,0.48727598298898717,0.12581411780821306,14.362737662429238,14.855929004237433,0.3479230383547238,0.021126371598970146,0.005454805691240049,0.3372316191998933,0.35861445750955434,0.8433333333333334,0.029460163519028575,0.007606581512382997,0.8284244335690627,0.8582422330976041,0.16518518518518518,0.027092065476035404,0.0069951412268697355,0.15147470838052052,0.17889566198984985
q,1.2451724137931035,15,1.0,1.0,1,0.0,0,0.0,0.26666666666666666,0.0428741701850342,0.4904591631482991,1.0,1.0,1.0,0.6133333333333333,0.05163977794943221,0.013333333333333329,0.5871999999999999,0.6394666666666666,14.50851851851852,0.4423916215919908,0.11422502552849825,14.284637468482662,14.732399568554376,0.3551138923836081,0.024526890695773445,0.006332815946598679,0.34270157312827465,0.3675262116389415,0.8424444444444444,0.03271166321135184,0.0084461151229541,0.8258900588034545,0.8589988300854344,0.1602222222222222,0.030243573223750993,0.007808857028359477,0.14491686244663762,0.1755275819978068
q,1.313793103448276,15,1.0,1.0,1,0.0,0,0.0,0.06666666666666667,0.0,0.19290265965569464,1.0,1.0,1.0,0.6066666666666666,0.025819888974716113,0.006666666666666666,0.5935999999999999,0.6197333333333332,14.370074074074072,0.5912308129585702,0.15265513949021428,14.070870000673253,14.669278147474891,0.3421053285217216,0.020562713070770868,0.0053092696850624765,0.3316991599389991,0.35251149710444407,0.8445185185185184,0.030773298243341792,0.007945631440289114,0.8289450808955517,0.8600919561414851,0.1476296296296296,0.032675699719299005,0.008436829389234627,0.13109344402672973,0.1641658152325295
q,1.3824137931034484,15,1.0,1.0,1,0.0,0,0.0,0.13333333333333333,0.0,0.3053639938219455,0.8,0.5975720704382257,1.0,0.5599999999999999,0.09102589898327992,0.023502786055720117,0.5139345393307885,0.6060654606692114,14.537407407407406,0.5855455658113955,0.15118721498887558,14.24108046602921,14.833734348785601,0.3769029487583773,0.04338547686422701,0.011202081957494558,0.35494686812168796,0.3988590293950667,0.8208888888888887,0.03769177886493985,0.009731975455522983,0.8018142169960636,0.8399635607817137,0.1702222222222222,0.03482685821187511,0.008992256123687955,0.1525974002197938,0.1878470442246506
q,1.4510344827586208,15,1.0,1.0,1,0.0,0,0.0,0.13333333333333333,0.0,0.3053639938219455,0.9333333333333333,0.8070973403443054,1.0,0.5933333333333333,0.07037315505489966,0.018170270503179913,0.5577196031471007,0.6289470635195659,14.503629629629632,0.4613673922854921,0.11912454845365701,14.270145514660465,14.7371137445988,0.3601308291330404,0.02788861766316836,0.007200810117213138,0.34601724130330264,0.37424441696277816,0.8368148148148148,0.04039895109842615,0.010430964320563488,0.8163701247465104,0.8572595048831192,0.16081481481481483,0.029221125776601582,0.00754486223268068,0.1460268848387607,0.17560274479086896
q,1.5196551724137932,15,1.0,1.0,1,0.0,0,0.0,0.13333333333333333,0.0,0.3053639938219455,0.8666666666666667,0.6946360061780545,1.0,0.5799999999999998,0.07745966692414832,0.019999999999999997,0.5407999999999998,0.6191999999999999,14.23725925925926,0.6958828109224507,0.17967616917431042,13.88509396767761,14.589424550840908,0.35788629428413227,0.028028432222934697,0.007236910081315294,0.3437019505247543,0.37207063804351026,0.8231851851851852,0.03462539939643625,0.008940239681211864,0.80566231541001,0.8407080549603605,0.14977777777777776,0.04099769856318711,0.010585560251203694,0.12903007968541852,0.170525475870137
q,1.5882758620689656,15,1.0,1.0,1,0.0,0,0.0,0.2,0.0,0.4024279295617743,1.0,1.0,1.0,0.6066666666666666,0.05936168397046636,0.015327120894696265,0.5766255097130619,0.6367078236202712,14.471555555555556,0.4151748532006229,0.10719768614734144,14.261448090706766,14.681663020404345,0.3460656665913489,0.03270130417578937,0.008443440431473019,0.3295165233456618,0.36261480983703603,0.846222222222222,0.03405773705434326,0.008793669894732178,0.8289866292285469,0.863457815215897,0.15437037037037035,0.03216049551974052,0.008303804236915551,0.13809491406601587,0.17064582667472483
q,1.6568965517241379,15,1.0,1.0,1,0.0,0,0.0,0.3333333333333333,0.09476973050886098,0.5718969361578057,0.8666666666666667,0.6946360061780545,1.0,0.6133333333333333,0.07432233529572065,0.019189944456771316,0.5757210421980615,0.650945624468605,14.438518518518519,0.4467607629439835,0.11535313297473117,14.212426377888045,14.664610659148993,0.36372108265041303,0.03620280950162814,0.00934752521904836,0.34539993322107826,0.3820422320797478,0.8322222222222223,0.031162089752494203,0.00804601697629539,0.8164520289486833,0.8479924154957613,0.1627407407407407,0.04386902638083716,0.011326933905821075,0.1405399502853314,0.18494153119615003
q,1.7255172413793103,15,1.0,1.0,1,0.0,0,0.0,0.26666666666666666,0.0428741701850342,0.4904591631482991,0.8666666666666667,0.6946360061780545,1.0,0.6133333333333332,0.06399404734221843,0.016523191974188067,0.5809478770639246,0.6457187896027418,14.83377777777778,0.4561194342182814,0.11776953150726355,14.602949496023543,15.064606059532016,0.35924762098262836,0.030557113192098116,0.007889812700078064,0.3437835880904754,0.37471165387478134,0.8462222222222222,0.02652009986121905,0.0068474603401506,0.832801199955527,0.8596432444889174,0.18118518518518517,0.0303752738330873,0.007842861979469136,0.16581317570542567,0.19655719466494467
q,1.7941379310344827,15,1.0,1.0,1,0.0,0,0.0,0.26666666666666666,0.0428741701850342,0.4904591631482991,1.0,1.0,1.0,0.6066666666666667,0.07037315505489966,0.018170270503179913,0.5710529364804341,0.6422803968528993,14.294222222222222,0.6193972435572174,0.15992768059892548,13.98076396824833,14.607680476196116,0.34326367900410565,0.02384211578803931,0.006156007825695011,0.3311979036657434,0.3553294543424679,0.8392592592592593,0.036624956234311,0.009456523036737467,0.8207244741072538,0.8577940444112647,0.14533333333333334,0.031063455564456093,0.008020549738452837,0.12961305584596577,0.1610536108207009
q,1.8627586206896551,15,1.0,1.0,1,0.0,0,0.0,0.26666666666666666,0.0428741701850342,0.4904591631482991,0.9333333333333333,0.8070973403443054,1.0,0.6066666666666667,0.07037315505489966,0.018170270503179913,0.5710529364804341,0.6422803968528993,14.3777037037037,0.503720630745772,0.13006010760129805,14.122785892805156,14.632621514602244,0.356702149317347,0.02926479802529517,0.007556138358806126,0.341892118134087,0.371512180500607,0.8335555555555555,0.025500976915270455,0.006584323926990817,0.8206502806586535,0.8464608304524575,0.15274074074074073,0.0351335739544451,0.009071449787887502,0.13496069915648123,0.17052078232500023
q,1.9313793103448276,15,1.0,1.0,1,0.0,0,0.0,0.3333333333333333,0.09476973050886098,0.5718969361578057,0.9333333333333333,0.8070973403443054,1.0,0.6266666666666665,0.05936168397046636,0.015327120894696265,0.5966255097130618,0.6567078236202711,14.49407407407407,0.42330014173647645,0.10929562662617416,14.27985464588677,14.708293502261371,0.35565227214991724,0.034574307642584526,0.008927047847092112,0.3381552583696167,0.3731492859302178,0.8498518518518519,0.03001430190152849,0.007749659427510763,0.8346625193739308,0.865041184329773,0.15666666666666668,0.029331168751303795,0.007573275206573266,0.14182304726178308,0.17151028607155028
q,2.0,15,1.0,1.0,1,0.0,0,0.0,0.13333333333333333,0.0,0.3053639938219455,0.9333333333333333,0.8070973403443054,1.0,0.5866666666666666,0.06399404734221842,0.016523191974188063,0.554281210397258,0.6190521229360751,14.522,0.5962457798444893,0.1539499983722774,14.220258003190336,14.823741996809664,0.3530306846537294,0.0288535900800407,0.0074499649238862105,0.3384287534029124,0.3676326159045464,0.8323703703703703,0.03889765585231851,0.010043331554835803,0.8126854405228922,0.8520553002178485,0.16081481481481483,0.028592702250523055,0.007382603975956208,0.14634491102194067,0.175284718607689
trust_decrease,0.01,15,1.0,1.0,1,0.0,0,0.0,0.2,0.0,0.4024279295617743,1.0,1.0,1.0,0.6066666666666667,0.05936168397046636,0.015327120894696265,0.576625509713062,0.6367078236202713,14.307407407407407,0.43829609688875043,0.11316756559718952,14.085598978836915,14.5292158359779,0.35284512565364956,0.027700407652639696,0.007152214501455335,0.3388267852307971,0.366863466076502,0.8368148148148149,0.03441080453212206,0.008884831525500495,0.819400545024834,0.8542290846047959,0.15066666666666664,0.024601945693834837,0.006352195063768106,0.13821636434168116,0.16311696899165212
trust_decrease,0.0406896551724138,15,1.0,1.0,1,0.0,0,0.0,0.2,0.0,0.4024279295617743,0.8666666666666667,0.6946360061780545,1.0,0.5999999999999999,0.07559289460184543,0.01951800145897066,0.5617447171404174,0.6382552828595823,14.32607407407407,0.4685293262655399,0.12097375185574781,14.088965520436805,14.563182627711335,0.3442906655524541,0.030578054454387674,0.007895219710751132,0.3288160349193819,0.3597652961855263,0.8417037037037037,0.02927358834719025,0.007558408010159955,0.8268892240037902,0.8565181834036173,0.14548148148148152,0.02950044589585191,0.007616982377355159,0.1305521960218654,0.16041076694109763
trust_decrease,0.07137931034482758,15,1.0,1.0,1,0.0,0,0.0,0.2,0.0,0.4024279295617743,0.8,0.5975720704382257,1.0,0.5599999999999999,0.09102589898327992,0.023502786055720117,0.5139345393307885,0.6060654606692114,14.464666666666664,0.5699135427484707,0.1471510439895264,14.176250620447192,14.753082712886137,0.36585775673027915,0.028224611293574564,0.007287563299546137,0.3515741326631687,0.38014138079738957,0.8225185185185186,0.03702438937488621,0.009559656230162208,0.8037815923074008,0.8412554447296365,0.1654074074074074,0.0360747476659948,0.009314459795268848,0.14715106620868046,0.18366374860613432
trust_decrease,0.10206896551724139,15,1.0,1.0,1,0.0,0,0.0,0.2,0.0,0.4024279295617743,0.9333333333333333,0.8070973403443054,1.0,0.5933333333333334,0.079880863671798,0.02062515031210258,0.5529080387216123,0.6337586279450544,14.324962962962964,0.4616128207031378,0.11918791779860553,14.091354644077697,14.55857128184823,0.35617122421183756,0.02981236568877639,0.0076975197215784245,0.3410840855575438,0.3712583628661313,0.828,0.040682449881921594,0.010504163391706681,0.8074118397522548,0.8485881602477451,0.15355555555555558,0.030458576258992603,0.00786437057335113,0.13814138923178737,0.1689697218793238
trust_decrease,0.1327586206896552,15,1.0,1.0,1,0.0,0,0.0,0.26666666666666666,0.0428741701850342,0.4904591631482991,0.8666666666666667,0.6946360061780545,1.0,0.5933333333333333,0.09611501047232547,0.0248167889919912,0.5446924269090305,0.641974239757636,14.529333333333334,0.35882494884740646,0.09264820340598223,14.347742854657609,14.710923812009058,0.363708746432108,0.02864309129762928,0.007395614371974453,0.3492133422630381,0.3782041506011779,0.8298518518518517,0.031482664154566936,0.008128788930991929,0.8139194255471075,0.845784278156596,0.16792592592592595,0.032404701323148245,0.00836685790422524,0.15152688443364448,0.18432496741820742
trust_decrease,0.16344827586206898,15,1.0,1.0,1,0.0,0,0.0,0.26666666666666666,0.0428741701850342,0.4904591631482991,1.0,1.0,1.0,0.6066666666666666,0.07037315505489966,0.018170270503179913,0.571052936480434,0.6422803968528992,14.328518518518516,0.41881576277772514,0.10813776495781904,14.116568499201191,14.54046853783584,0.3484542863787535,0.026308889354824207,0.006792926021896516,0.3351401513758363,0.36176842138167065,0.8357037037037036,0.03610406931748276,0.009322030613128593,0.8174325237019716,0.8539748837054356,0.15237037037037038,0.026023550135782895,0.006719251752338728,0.13920063693578646,0.1655401038049543
trust_decrease,0.1941379310344828,15,0.9333333333333333,0.8070973403443054,1,0.0,0,0.0,0.06666666666666667,0.0,0.19290265965569464,0.8666666666666667,0.6946360061780545,1.0,0.5466666666666666,0.159761727343596,0.04125030062420516,0.4658160774432245,0.6275172558901088,13.601703703703702,2.551781162581322,0.6588670630562173,12.310324260113516,14.893083147293888,0.43133091572867616,0.31033858489242344,0.08012907806492885,0.2742779227214156,0.5883839087359367,0.7912592592592592,0.14772517661919465,0.038142476590779344,0.7165000051413317,0.8660185133771867,0.1408148148148148,0.03817130852913706,0.009855789482419532,0.12149746742927253,0.1601321622003571
trust_decrease,0.22482758620689658,15,1.0,1.0,1,0.0,0,0.0,0.3333333333333333,0.09476973050886098,0.5718969361578057,0.9333333333333333,0.8070973403443054,1.0,0.6133333333333333,0.08338093878327917,0.021528865819918686,0.5711367563262927,0.6555299103403739,14.255555555555556,0.323077682164092,0.08341829883685475,14.092055689835322,14.419055421275791,0.34826047146697725,0.03219128978816064,0.008311755282832203,0.3319694311126261,0.3645515118213284,0.8414814814814815,0.025388226057363662,0.006555211780661243,0.8286332663913855,0.8543296965715775,0.14140740740740743,0.02434129269936804,0.006284894749987506,0.12908901369743192,0.15372580111738293
trust_decrease,0.25551724137931037,15,1.0,1.0,1,0.0,0,0.0,0.2,0.0,0.4024279295617743,0.8,0.5975720704382257,1.0,0.58,0.10141851056742195,0.026186146828319073,0.5286751522164945,0.6313248477835054,14.284444444444444,0.32853530972400774,0.08482745221347851,14.118182638106026,14.450706250782863,0.3689416823934965,0.0405317936298918,0.01046526411469912,0.34842976472868625,0.38945360005830676,0.8257777777777778,0.036229232937284035,0.00935434772079802,0.8074432562450137,0.844112299310542,0.15014814814814814,0.024823421077281266,0.006409379761880301,0.13758576381486276,0.16271053248143352
trust_decrease,0.28620689655172415,15,1.0,1.0,1,0.0,0,0.0,0.26666666666666666,0.0428741701850342,0.4904591631482991,1.0,1.0,1.0,0.6266666666666666,0.045773770821706326,0.011818736805705572,0.6035019425274837,0.6498313908058495,14.616962962962962,0.5302467673949041,0.13690912663338542,14.348621074761526,14.885304851164397,0.3466901771043196,0.017171991417051197,0.0044337891186303985,0.33799995043180403,0.35538040377683516,0.847925925925926,0.021450351463212804,0.005538456932487939,0.8370705503382496,0.8587813015136023,0.17007407407407407,0.03887407125112907,0.010037242036993561,0.15040107968156669,0.18974706846658146
trust_decrease,0.31689655172413794,15,1.0,1.0,1,0.0,0,0.0,0.2,0.0,0.4024279295617743,0.9333333333333333,0.8070973403443054,1.0,0.5999999999999999,0.0654653670707977,0.016903085094570326,0.5668699532146421,0.6331300467853577,14.463185185185184,0.5583505670035032,0.1441654964900024,14.18062081206478,14.745749558305588,0.3503239867223646,0.03059582998473797,0.007899809332952245,0.33484036042977816,0.365807613014951,0.8414814814814815,0.032117143022929666,0.008292610670371221,0.8252279645675539,0.8577349983954091,0.156,0.03727679013665764,0.00962482582662293,0.13713534137981906,0.17486465862018094
trust_decrease,0.34758620689655173,15,1.0,1.0,1,0.0,0,0.0,0.2,0.0,0.4024279295617743,1.0,1.0,1.0,0.5999999999999999,0.0654653670707977,0.016903085094570326,0.5668699532146421,0.6331300467853577,14.313333333333333,0.4334879658981125,0.11192611151364788,14.093958154766582,14.532708511900083,0.3493969728217935,0.019073592690096633,0.004924780456072518,0.33974440312789134,0.35904954251569565,0.8242962962962962,0.0286124338318585,0.007387698648349975,0.8098164069455303,0.8387761856470621,0.15125925925925926,0.03181146695371352,0.008213685448677337,0.13516043577985168,0.16735808273866684
trust_decrease,0.3782758620689656,15,1.0,1.0,1,0.0,0,0.0,0.26666666666666666,0.0428741701850342,0.4904591631482991,0.9333333333333333,0.8070973403443054,1.0,0.6133333333333333,0.06399404734221843,0.016523191974188067,0.5809478770639247,0.6457187896027419,14.376888888888889,0.4978506182533453,0.1285444768929515,14.124941714178703,14.628836063599074,0.34082054183925636,0.03539607742599861,0.009139227892797393,0.3229076551693735,0.35873342850913925,0.8478518518518517,0.03995691389066577,0.01031683080429282,0.8276308634754378,0.8680728402282657,0.14303703703703705,0.027934373415328218,0.007212624201620359,0.12890029360186114,0.15717378047221295
trust_decrease,0.40896551724137936,15,1.0,1.0,1,0.0,0,0.0,0.13333333333333333,0.0,0.3053639938219455,0.8,0.5975720704382257,1.0,0.5666666666666665,0.0975900072948533,0.025197631533948477,0.5172793088601275,0.6160540244732056,14.39185185185185,0.7274359631891032,0.1878231580575832,14.023718462058987,14.759985241644713,0.368425089894741,0.03151289814296032,0.00813659531322773,0.3524773630808146,0.38437281670866735,0.8207407407407407,0.046045883616249304,0.011888996027142567,0.7974383085275413,0.84404317295394,0.1628148148148148,0.03842321339313565,0.009920831038625875,0.14336998597910808,0.18225964365052152
trust_decrease,0.43965517241379315,15,1.0,1.0,1,0.0,0,0.0,0.13333333333333333,0.0,0.3053639938219455,0.9333333333333333,0.8070973403443054,1.0,0.5933333333333333,0.07037315505489966,0.018170270503179913,0.5577196031471007,0.6289470635195659,14.38037037037037,0.5235465589726578,0.13517914025768685,14.115419255465303,14.645321485275437,0.35980479566501894,0.026178932698696013,0.006759371357568962,0.3465564278041838,0.3730531635258541,0.8265925925925929,0.031050015596580827,0.008017079553669206,0.8108791166674012,0.8423060685177846,0.15503703703703706,0.03218351990626152,0.008309749107952383,0.1387499287854504,0.17132414528862372
trust_decrease,0.47034482758620694,15,1.0,1.0,1,0.0,0,0.0,0.2,0.0,0.4024279295617743,0.9333333333333333,0.8070973403443054,1.0,0.6,0.07559289460184543,0.01951800145897066,0.5617447171404175,0.6382552828595824,14.433925925925928,0.5496291625662958,0.1419136395472795,14.15577519241326,14.712076659438596,0.3495205006795456,0.043286014450790514,0.011176400872773683,0.3276147549689092,0.371426246390182,0.8335555555555556,0.029523553506314432,0.0076229487367212925,0.8186145760315818,0.8484965350795294,0.1517777777777778,0.03730989438064499,0.009633373305666382,0.13289636609867167,0.1706591894568839
trust_decrease,0.5010344827586207,15,1.0,1.0,1,0.0,0,0.0,0.3333333333333333,0.09476973050886098,0.5718969361578057,0.9333333333333333,0.8070973403443054,1.0,0.6,0.08451542547285164,0.02182178902359923,0.5572292935137455,0.6427707064862545,14.459185185185186,0.7081239923045725,0.18283682861636788,14.100825001097105,14.817545369273267,0.3544996026713247,0.026888259831346652,0.0069425188356868955,0.3408922657533784,0.368106939589271,0.840962962962963,0.04014055259180016,0.010364246113040333,0.820649040581404,0.8612768853445221,0.15918518518518518,0.0392218549977563,0.01012703941424482,0.13933618793326533,0.17903418243710503
trust_decrease,0.5317241379310346,15,1.0,1.0,1,0.0,0,0.0,0.4,0.15207743144279912,0.647922568557201,0.9333333333333333,0.8070973403443054,1.0,0.6266666666666666,0.079880863671798,0.02062515031210258,0.5862413720549455,0.6670919612783877,14.642444444444443,0.4425804563211758,0.11427378244591953,14.41846783085044,14.866421058038446,0.33539333674103106,0.0329341345698746,0.00850355698072522,0.31872636505880964,0.3520603084232525,0.8642222222222223,0.033918670234491646,0.008757762996245824,0.8470570067495805,0.8813874376948642,0.15600000000000003,0.023332577463191624,0.00602444559593571,0.14419208663196603,0.16780791336803402
trust_decrease,0.5624137931034483,15,1.0,1.0,1,0.0,0,0.0,0.2,0.0,0.4024279295617743,0.9333333333333333,0.8070973403443054,1.0,0.5999999999999999,0.07559289460184543,0.01951800145897066,0.5617447171404174,0.6382552828595823,14.30274074074074,0.5475856687933337,0.14138601172389545,14.025624157761905,14.579857323719574,0.35265169223499204,0.02990700223375554,0.007721954772421548,0.3375166608810458,0.36778672358893827,0.8366666666666667,0.03961677089510456,0.010229006260483644,0.8166178143961187,0.8567155189372146,0.1468888888888889,0.02491325338055083,0.006432574362847933,0.13428104313770695,0.15949673464007086
trust_decrease,0.5931034482758621,15,1.0,1.0,1,0.0,0,0.0,0.3333333333333333,0.09476973050886098,0.5718969361578057,0.9333333333333333,0.8070973403443054,1.0,0.6266666666666666,0.05936168397046635,0.015327120894696263,0.5966255097130619,0.6567078236202712,14.643185185185187,0.3016941776653218,0.07789710171636886,14.490506865821104,14.79586350454927,0.3462229697959419,0.03258130927474313,0.00841245788124756,0.3297345523486967,0.36271138724318713,0.853925925925926,0.02632005782395917,0.006795809708227339,0.8406061388978004,0.8672457129540515,0.16303703703703706,0.022957927421935892,0.005927711371239752,0.15141872274940715,0.17465535132466697
trust_decrease,0.6237931034482759,15,0.9333333333333333,0.8070973403443054,1,0.0,0,0.0,0.26666666666666666,0.0428741701850342,0.4904591631482991,0.8,0.5975720704382257,1.0,0.5666666666666665,0.14960264830861913,0.03862723769652047,0.4909572807814864,0.6423760525518467,13.443703703703704,3.7480318801633414,0.9677376701951396,11.54693787012123,15.340469537286179,0.35851372587049807,0.03991408925750205,0.010667489064763355,0.3376054473035619,0.37942200443743423,0.7825185185185186,0.21907753802267996,0.05656557708599744,0.6716499874299636,0.8933870496070736,0.1408888888888889,0.04665759549024378,0.012046939353853096,0.11727688775533683,0.16450089002244095
trust_decrease,0.6544827586206897,15,1.0,1.0,1,0.0,0,0.0,0.13333333333333333,0.0,0.3053639938219455,1.0,1.0,1.0,0.6133333333333332,0.035186577527449824,0.009085135251589955,0.5955264682402168,0.6311401984264495,14.591555555555555,0.5914041522108251,0.1526998954926961,14.29226376038987,14.89084735072124,0.3576636821169304,0.03037612574962216,0.007843081943372594,0.3422912415079201,0.37303612272594067,0.84,0.031511034992184245,0.008136114249765916,0.8240532160704588,0.8559467839295412,0.16874074074074077,0.037051531555305085,0.009566664311011679,0.14999007869115788,0.18749140279032367
trust_decrease,0.6851724137931035,15,1.0,1.0,1,0.0,0,0.0,0.26666666666666666,0.0428741701850342,0.4904591631482991,0.9333333333333333,0.8070973403443054,1.0,0.6066666666666666,0.079880863671798,0.02062515031210258,0.5662413720549455,0.6470919612783876,14.494,0.47788477945406715,0.12338931948210709,14.252156933815069,14.73584306618493,0.36291873847651424,0.03929481852871001,0.010145878516929099,0.3430328165833332,0.3828046603696953,0.831037037037037,0.034361052833012294,0.00887198569202732,0.8136479450806635,0.8484261289934105,0.16192592592592592,0.03812045021087547,0.00984265792110998,0.14263431640055035,0.18121753545130148
trust_decrease,0.7158620689655173,15,1.0,1.0,1,0.0,0,0.0,0.4666666666666667,0.2141946806886107,0.7191386526447227,1.0,1.0,1.0,0.6399999999999999,0.06324555320336757,0.016329931618554516,0.607993334027633,0.6720066659723668,14.548074074074073,0.48929861378396655,0.12633635883384514,14.300454810759737,14.795693337388409,0.3475725524248722,0.029854881759761618,0.007708497323903222,0.33246389767002194,0.3626812071797225,0.853111111111111,0.03180407392403974,0.008211776576623699,0.8370160290209286,0.8692061932012934,0.15718518518518518,0.03951394874973381,0.010202457696707495,0.1371883680996385,0.17718200227073186
trust_decrease,0.7465517241379311,15,1.0,1.0,1,0.0,0,0.0,0.2,0.0,0.4024279295617743,0.9333333333333333,0.8070973403443054,1.0,0.6066666666666666,0.05936168397046636,0.015327120894696265,0.5766255097130619,0.6367078236202712,14.459925925925926,0.4487357248257167,0.11586306593988766,14.232834316683746,14.687017535168106,0.36302493879347825,0.025886222761058657,0.006683793976653037,0.3499247025992383,0.3761251749877182,0.8303703703703704,0.028111226132729962,0.007258287376902258,0.816144127111642,0.8445966136290989,0.15807407407407406,0.0346829089612634,0.008955088587000075,0.1405221004435539,0.17562604770459422
trust_decrease,0.7772413793103449,15,1.0,1.0,1,0.0,0,0.0,0.13333333333333333,0.0,0.3053639938219455,0.9333333333333333,0.8070973403443054,1.0,0.5933333333333332,0.07037315505489966,0.018170270503179913,0.5577196031471006,0.6289470635195658,14.71762962962963,0.8854320547474935,0.2286175734823504,14.269539185604224,15.165720073655038,0.3543616948623328,0.039369641083540435,0.010165197617514362,0.3344379075320047,0.37428548219266095,0.8448148148148149,0.04706868909624817,0.012153083266505587,0.8209947716124639,0.8686348580171659,0.17096296296296298,0.050478952371944844,0.013033609458035984,0.14541708842521245,0.19650883750071352
trust_decrease,0.8079310344827587,15,1.0,1.0,1,0.0,0,0.0,0.26666666666666666,0.0428741701850342,0.4904591631482991,1.0,1.0,1.0,0.6199999999999999,0.056061191058138796,0.014474937289114913,0.5916291229133347,0.6483708770866651,14.28125925925926,0.40915253462521883,0.1056427301774684,14.074199508111422,14.488319010407098,0.3409924829334668,0.026834740179464585,0.006928700120991291,0.32741223069632386,0.3545727351706097,0.838888888888889,0.028159284903538646,0.007270696098167674,0.8246383245364803,0.8531394532412977,0.1413333333333333,0.029802998085517528,0.007695101016817394,0.1262509353403712,0.1564157313262954
trust_decrease,0.8386206896551724,15,1.0,1.0,1,0.0,0,0.0,0.26666666666666666,0.0428741701850342,0.4904591631482991,0.8666666666666667,0.6946360061780545,1.0,0.6066666666666666,0.079880863671798,0.02062515031210258,0.5662413720549455,0.6470919612783876,14.506592592592595,0.4226775879171436,0.10913488392121456,14.292688220107014,14.720496965078176,0.35294368336424864,0.03609153580070114,0.009318794473010952,0.33467884619714716,0.3712085205313501,0.8415555555555556,0.031192636946036904,0.008053904227753006,0.8257699032691597,0.8573412078419516,0.1566666666666667,0.03113661086494808,0.008039438355818988,0.14090936748926147,0.17242396584407194
trust_decrease,0.8693103448275863,15,1.0,1.0,1,0.0,0,0.0,0.13333333333333333,0.0,0.3053639938219455,0.9333333333333333,0.8070973403443054,1.0,0.5666666666666667,0.08164965809277258,0.02108185106778919,0.5253462385737998,0.6079870947595335,14.353111111111112,0.44715703951678737,0.11545545114586195,14.126818426865222,14.579403795357,0.36690907330934697,0.027966874964058502,0.007221016065417582,0.3527558818211285,0.38106226479756544,0.8175555555555557,0.03329150815134666,0.008595830442686272,0.8007077278878906,0.8344033832232208,0.16096296296296295,0.03365680788822912,0.008690150429174252,0.14393026812178142,0.17799565780414447
trust_decrease,0.9,15,1.0,1.0,1,0.0,0,0.0,0.26666666666666666,0.0428741701850342,0.4904591631482991,1.0,1.0,1.0,0.6199999999999999,0.0560611910581388,0.014474937289114915,0.5916291229133347,0.6483708770866651,14.372740740740744,0.4214834528180342,0.10882655956441639,14.159440683994488,14.586040797487,0.3428809639980001,0.02723229244478113,0.007031347674512491,0.32909952255595565,0.35666240544004457,0.8396296296296295,0.03215007430896112,0.008301113491862489,0.8233594471855791,0.8558998120736799,0.14533333333333334,0.029223338743833854,0.007545433618363099,0.13054428344134167,0.16012238322532502
