time_step,total_fish_mean,total_fish_ci,mpa_fish_mean,mpa_fish_ci,outside_fish_mean,outside_fish_ci,cooperation_mean,cooperation_ci,trust_mean,trust_ci,fully_noncoop_mean,fully_noncoop_ci,noncoop_mean,noncoop_ci,cond_coop_mean,cond_coop_ci,coop_mean,coop_ci,fully_coop_mean,fully_coop_ci
0,300.0,0.0,0.0,0.0,300.0,0.0,0.5,0.0,0.9000000000000008,1.5232259897857146e-16,1.0,0.0,1.0,0.0,5.0,0.0,10.0,0.0,20.0,0.0
1,219.41,1.716784351746019,64.14,2.006492503449739,155.27,1.9819961537803241,0.6810810810810812,2.176037128265307e-17,0.9230900900900899,0.0004279317334428547,1.0,0.0,1.0,0.0,5.0,0.0,10.0,0.0,20.0,0.0
2,175.23,1.9018777967051406,54.59,1.8758940776067288,120.64,1.7573495970921662,0.6810810810810812,2.176037128265307e-17,0.9388175675675678,0.0005519651109689528,1.0,0.0,1.0,0.0,5.0,0.0,10.0,0.0,20.0,0.0
3,147.71,2.1157643948228264,48.08,1.862037136471773,99.63,1.7952262613943692,0.6810810810810812,2.176037128265307e-17,0.9485334084084082,0.0005463027391783206,1.0,0.0,1.0,0.0,5.0,0.0,10.0,0.0,20.0,0.0
4,127.87,2.2336528399910316,41.01,1.573013260719693,86.86,1.7084680407897594,0.6810810810810812,2.176037128265307e-17,0.9557890390390391,0.0005057995419938454,1.0,0.0,1.0,0.0,5.0,0.0,10.0,0.0,20.0,0.0
5,112.0,2.365680215075571,35.35,1.4819401742310652,76.65,1.7848649360665927,0.6345945945945946,0.006199422296891343,0.9615093843843847,0.000478484982011864,2.0,0.2799439943988797,1.68,0.2461809935799269,5.83,0.4007756699202186,11.72,0.5013004145220707,15.77,0.4265916473631428
6,96.75,2.4970392307691123,31.82,1.5416568105775035,64.93,1.9009484163437989,0.6435135135135135,0.006183786335285811,0.9649842342342339,0.000536087753908539,2.0,0.2799439943988797,1.68,0.2461809935799269,5.83,0.4007756699202186,11.72,0.5013004145220707,15.77,0.4265916473631428
7,85.19,2.482430337874559,28.03,1.4497257622047002,57.16,1.9119234896825765,0.6435135135135134,0.006196479407610489,0.967813063063063,0.0006440671308603157,2.0,0.2799439943988797,1.68,0.2461809935799269,5.83,0.4007756699202186,11.72,0.5013004145220707,15.77,0.4265916473631428
8,75.52,2.314706062030339,25.09,1.3016215234852262,50.43,1.7572916666279395,0.6438378378378377,0.006155623573194857,0.9697143393393394,0.0008195275088812061,2.0,0.2799439943988797,1.68,0.2461809935799269,5.83,0.4007756699202186,11.72,0.5013004145220707,15.77,0.4265916473631428
9,68.02,2.383633997408159,22.08,1.2539956848410605,45.94,1.8270774757519177,0.6445405405405404,0.005853204296589918,0.9710300300300301,0.0009693619839632949,2.0,0.2799439943988797,1.68,0.2461809935799269,5.83,0.4007756699202186,11.72,0.5013004145220707,15.77,0.4265916473631428
10,61.46,2.5146761808232876,20.1,1.345565338435856,41.36,1.7719353956620427,0.5906486486486489,0.009261463492446203,0.9718415915915917,0.0010760230189257023,3.53,0.4796637005236062,2.61,0.41103494547300956,6.07,0.49449133622339614,12.31,0.7332050616301008,12.48,0.5137144669950419
11,54.61,2.5328622793985467,18.04,1.2195925772158502,36.57,1.9702153591929996,0.5988108108108109,0.00913052464111783,0.9715319069069068,0.0012752785320808125,3.53,0.4796637005236062,2.61,0.41103494547300956,6.07,0.49449133622339614,12.31,0.7332050616301008,12.48,0.5137144669950419
12,47.74,2.4189322351814653,15.98,1.0485468771590516,31.76,1.9814659720520063,0.6017837837837838,0.008218913386597497,0.9707008258258257,0.001472651653561473,3.53,0.4796637005236062,2.61,0.41103494547300956,6.07,0.49449133622339614,12.31,0.7332050616301008,12.48,0.5137144669950419
13,43.23,2.2506493182190774,14.65,0.8828162889299224,28.58,1.833030730129749,0.6094054054054054,0.007561037874811824,0.9698153153153154,0.001638542876466555,3.53,0.4796637005236062,2.61,0.41103494547300956,6.07,0.49449133622339614,12.31,0.7332050616301008,12.48,0.5137144669950419
14,39.24,2.069841665055567,13.02,0.9180586438784836,26.22,1.6331822756814378,0.6152432432432433,0.0070378417436780805,0.9690979729729731,0.001712451708341204,3.53,0.4796637005236062,2.61,0.41103494547300956,6.07,0.49449133622339614,12.31,0.7332050616301008,12.48,0.5137144669950419
15,35.38,2.0488854164154717,11.41,0.8530369455070511,23.97,1.5301701296261148,0.5690810810810809,0.009700946774184404,0.9682368618618624,0.0018213253840425423,5.19,0.7237125827288068,3.53,0.5284408629165613,6.07,0.5855481548088082,12.88,0.8508657764888659,9.33,0.4546650828906921
16,31.38,1.8762391131196465,10.45,0.8459279165508138,20.93,1.385168206969825,0.5909189189189192,0.00875562321925934,0.9667346096096092,0.001856882346649702,5.19,0.7237125827288068,3.53,0.5284408629165613,6.07,0.5855481548088082,12.88,0.8508657764888659,9.33,0.4546650828906921
17,28.09,1.8184945065630527,9.5,0.8285492864036514,18.59,1.3756617136491078,0.6085405405405405,0.009403775530726282,0.9654568318318312,0.001867632915402662,5.19,0.7237125827288068,3.53,0.5284408629165613,6.07,0.5855481548088082,12.88,0.8508657764888659,9.33,0.4546650828906921
18,26.08,1.788156027196732,8.92,0.7604597935459835,17.16,1.3861288505763092,0.6237297297297297,0.008808046733405338,0.9645000000000001,0.0019083864841254274,5.19,0.7237125827288068,3.53,0.5284408629165613,6.07,0.5855481548088082,12.88,0.8508657764888659,9.33,0.4546650828906921
19,24.92,1.7658892993616557,8.66,0.8044218236721328,16.26,1.3097200458113176,0.6373513513513513,0.008403984776792554,0.9639320570570575,0.001961177369005025,5.19,0.7237125827288068,3.53,0.5284408629165613,6.07,0.5855481548088082,12.88,0.8508657764888659,9.33,0.4546650828906921
20,23.03,1.706315933700439,8.15,0.7465387598778779,14.88,1.2924948006084973,0.5984864864864865,0.010671739028681067,0.9635544294294295,0.0019723976229595506,7.05,0.841374375649746,4.29,0.6881219182673954,6.01,0.7058694485526341,12.89,0.9885455813466567,6.76,0.47212815887214343
21,21.05,1.5636759127133728,7.36,0.6860111999085731,13.69,1.1521382826727007,0.6294054054054053,0.011616739870228824,0.9624151651651648,0.0019702971738330454,7.05,0.841374375649746,4.29,0.6881219182673954,6.01,0.7058694485526341,12.89,0.9885455813466567,6.76,0.47212815887214343
22,19.64,1.4879279036297421,7.27,0.7206059350296805,12.37,1.0484277989446862,0.6523243243243243,0.00970534259291618,0.9619354354354357,0.0020273344503747757,7.05,0.841374375649746,4.29,0.6881219182673954,6.01,0.7058694485526341,12.89,0.9885455813466567,6.76,0.47212815887214343
23,18.98,1.4604249222743357,7.06,0.6680236690417487,11.92,1.0080880405996295,0.6698918918918918,0.008624357918065805,0.9620724474474477,0.0019633203972710287,7.05,0.841374375649746,4.29,0.6881219182673954,6.01,0.7058694485526341,12.89,0.9885455813466567,6.76,0.47212815887214343
24,18.33,1.5273053976202662,6.73,0.6289462565275353,11.6,1.0976000000000001,0.6803243243243241,0.0073919907032281,0.9626265015015016,0.0019104734277194464,7.05,0.841374375649746,4.29,0.6881219182673954,6.01,0.7058694485526341,12.89,0.9885455813466567,6.76,0.47212815887214343
25,17.71,1.5225794213767636,6.23,0.5786848136939484,11.48,1.1914091797531192,0.641783783783784,0.009636836487672643,0.9629328078078074,0.001871765923718421,8.72,0.9928826847115424,4.95,0.7851628875590086,5.7,0.7568239953912665,12.62,1.089090009870626,5.01,0.4298570906708414
26,16.68,1.4864710295192438,5.99,0.5650071843791016,10.69,1.2020713715915545,0.673081081081081,0.008091496340871179,0.9623937687687687,0.001832298130487037,8.72,0.9928826847115424,4.95,0.7851628875590086,5.7,0.7568239953912665,12.62,1.089090009870626,5.01,0.4298570906708414
27,16.61,1.3722505771177511,5.84,0.6325184506399794,10.77,1.0455658533062375,0.6900540540540538,0.00765340490146896,0.9627642642642636,0.0017265107555131027,8.72,0.9928826847115424,4.95,0.7851628875590086,5.7,0.7568239953912665,12.62,1.089090009870626,5.01,0.4298570906708414
28,16.44,1.309045248415806,5.96,0.5976682477763061,10.48,1.0208872188444715,0.6971891891891889,0.0070579086778102835,0.9630818318318319,0.0016846621369193387,8.72,0.9928826847115424,4.95,0.7851628875590086,5.7,0.7568239953912665,12.62,1.089090009870626,5.01,0.4298570906708414
29,16.23,1.2482153474461044,5.95,0.5921503525288152,10.28,0.9780694584741922,0.7021621621621621,0.006419135381840904,0.9634253003003004,0.0016197146192118803,8.72,0.9928826847115424,4.95,0.7851628875590086,5.7,0.7568239953912665,12.62,1.089090009870626,5.01,0.4298570906708414
30,15.9,1.2178841324198295,6.0,0.6247451960599617,9.9,0.9332152591980053,0.6644864864864866,0.008432199167944797,0.9636073573573571,0.0015515026960324545,10.16,1.15181314040082,5.5,0.9236987387671372,5.66,0.8209663028407439,11.93,1.1362101573212589,3.75,0.3510260958960174
31,15.48,1.244092148355579,5.58,0.5802262124378731,9.9,0.9274342240827647,0.6921621621621621,0.0071123984174880795,0.9628547297297301,0.0015243703630749964,10.16,1.15181314040082,5.5,0.9236987387671372,5.66,0.8209663028407439,11.93,1.1362101573212589,3.75,0.3510260958960174
32,15.32,1.2277424980833729,5.66,0.6267220679057026,9.66,0.8344261203965271,0.7043783783783784,0.005706730951807564,0.9627027027027028,0.0015378598190939098,10.16,1.15181314040082,5.5,0.9236987387671372,5.66,0.8209663028407439,11.93,1.1362101573212589,3.75,0.3510260958960174
33,15.04,1.232439521599336,5.27,0.542360722766684,9.77,0.8742808436652378,0.7090810810810814,0.005522172642797311,0.9627060810810814,0.00150473858903372,10.16,1.15181314040082,5.5,0.9236987387671372,5.66,0.8209663028407439,11.93,1.1362101573212589,3.75,0.3510260958960174
34,14.93,1.2121154077067082,4.91,0.504367832439778,10.02,0.8977484690045422,0.7141621621621621,0.004478093385376407,0.9626978228228231,0.0014684768694612548,10.16,1.15181314040082,5.5,0.9236987387671372,5.66,0.8209663028407439,11.93,1.1362101573212589,3.75,0.3510260958960174
35,14.97,1.250859346849197,4.93,0.5052505928744667,10.04,0.9395414915798025,0.6683243243243245,0.00832807919245444,0.9627961711711717,0.0014499392971291957,11.41,1.2553474859177434,6.02,0.9978613899735775,5.3,0.8418878785206496,11.37,1.2339145714351538,2.9,0.3262090127510275
36,14.44,1.259083008542328,4.59,0.4959187336651036,9.85,0.9949292839192143,0.6948108108108108,0.007596287383528107,0.961545045045045,0.0015115154215403323,11.41,1.2553474859177434,6.02,0.9978613899735775,5.3,0.8418878785206496,11.37,1.2339145714351538,2.9,0.3262090127510275
37,14.26,1.1988472623316113,4.48,0.4002241292076228,9.78,0.9814023566305513,0.7091891891891894,0.0057679759727740035,0.9611201201201202,0.0015579301473897837,11.41,1.2553474859177434,6.02,0.9978613899735775,5.3,0.8418878785206496,11.37,1.2339145714351538,2.9,0.3262090127510275
38,14.18,1.1767772098405034,4.38,0.49021947084953715,9.8,0.9375276422591494,0.7122162162162162,0.0055399093599608155,0.960911036036036,0.0014972835220349963,11.41,1.2553474859177434,6.02,0.9978613899735775,5.3,0.8418878785206496,11.37,1.2339145714351538,2.9,0.3262090127510275
39,14.17,1.1661769409484992,4.55,0.5312829378024483,9.62,0.8738083597677463,0.7159459459459458,0.004949785070335154,0.9606959459459454,0.0014692485399932448,11.41,1.2553474859177434,6.02,0.9978613899735775,5.3,0.8418878785206496,11.37,1.2339145714351538,2.9,0.3262090127510275
40,14.23,1.1591722363824972,4.58,0.507469701164513,9.65,0.8372550149148104,0.6747567567567567,0.0076984949296050155,0.960356981981982,0.0014250139890421491,12.18,1.3034751557279483,6.52,1.1033529234111814,5.29,0.9198624758082046,10.86,1.2324706919030572,2.15,0.31036771739341706
41,13.6,1.1482321716447421,4.4,0.5080900707551762,9.2,0.8672861580816335,0.7022702702702702,0.006342048569772914,0.9590953453453456,0.0014639819345166408,12.18,1.3034751557279483,6.52,1.1033529234111814,5.29,0.9198624758082046,10.86,1.2324706919030572,2.15,0.31036771739341706
42,13.57,1.1728123130322259,4.37,0.49324676339536166,9.2,0.9126110233829087,0.7128108108108107,0.005510523539031002,0.958802552552553,0.0014482918246487787,12.18,1.3034751557279483,6.52,1.1033529234111814,5.29,0.9198624758082046,10.86,1.2324706919030572,2.15,0.31036771739341706
43,13.69,1.2071738492860091,4.31,0.48304755707901037,9.38,0.977165661287788,0.7179459459459457,0.004947528211240706,0.9585165165165168,0.0014161903027058158,12.18,1.3034751557279483,6.52,1.1033529234111814,5.29,0.9198624758082046,10.86,1.2324706919030572,2.15,0.31036771739341706
44,13.82,1.2763739113598334,4.25,0.4523950043932846,9.57,1.0453453790972629,0.7224324324324323,0.0040851058728869445,0.9582428678678683,0.00140843039132255,12.18,1.3034751557279483,6.52,1.1033529234111814,5.29,0.9198624758082046,10.86,1.2324706919030572,2.15,0.31036771739341706
45,14.0,1.276259534734217,4.57,0.5052505928744668,9.43,1.013627032788688,0.6785945945945946,0.007955715219728153,0.9581009759759758,0.0014038307092889726,13.06,1.3249426034360883,7.01,1.2020074535542615,4.95,0.9567430376020514,10.36,1.2758139701382796,1.62,0.25066553333077124
46,13.72,1.26266601506495,4.57,0.5187561292168027,9.15,0.9679205545911296,0.707135135135135,0.006593175482221887,0.9566280030030029,0.001512552164307139,13.06,1.3249426034360883,7.01,1.2020074535542615,4.95,0.9567430376020514,10.36,1.2758139701382796,1.62,0.25066553333077124
47,13.64,1.3038110930652491,4.66,0.5620930086738313,8.98,0.978030180311426,0.7176756756756757,0.005269370494501905,0.956384009009009,0.0014737145853040694,13.06,1.3249426034360883,7.01,1.2020074535542615,4.95,0.9567430376020514,10.36,1.2758139701382796,1.62,0.25066553333077124
48,13.61,1.2358557708729605,4.68,0.5452042200863818,8.93,0.9318784907915839,0.7221621621621621,0.004742782421597277,0.9561084834834837,0.001488888779691599,13.06,1.3249426034360883,7.01,1.2020074535542615,4.95,0.9567430376020514,10.36,1.2758139701382796,1.62,0.25066553333077124
49,13.67,1.19417091641021,4.59,0.5389786177576992,9.08,0.9149988730047705,0.7226486486486488,0.004734954156729061,0.9558134384384386,0.0014920305884072768,13.06,1.3249426034360883,7.01,1.2020074535542615,4.95,0.9567430376020514,10.36,1.2758139701382796,1.62,0.25066553333077124
50,13.72,1.2337355411918716,4.3,0.4796997394204004,9.42,0.9469782138993482,0.6836216216216218,0.007701993377676554,0.9553903903903906,0.0014820563214801058,14.02,1.4397610890699886,7.4,1.321220284434054,4.56,0.9306677723011576,9.86,1.263256112749905,1.16,0.21420567312748742
51,13.76,1.2762956547759614,4.56,0.5297949248530037,9.2,0.9489315254537601,0.7032972972972976,0.007497343296493664,0.9539816066066067,0.0015288224805780494,14.02,1.4397610890699886,7.4,1.321220284434054,4.56,0.9306677723011576,9.86,1.263256112749905,1.16,0.21420567312748742
52,13.97,1.3236763900591413,4.53,0.541368179338239,9.44,1.0339143980040129,0.7155675675675676,0.00602641550551756,0.9533746246246246,0.0015183509057630907,14.02,1.4397610890699886,7.4,1.321220284434054,4.56,0.9306677723011576,9.86,1.263256112749905,1.16,0.21420567312748742
53,13.96,1.2834393691951327,4.52,0.5547042397530415,9.44,1.0006831778340237,0.7192972972972974,0.005662421800407211,0.9531753003003005,0.0015031450546965231,14.02,1.4397610890699886,7.4,1.321220284434054,4.56,0.9306677723011576,9.86,1.263256112749905,1.16,0.21420567312748742
54,14.07,1.3282539823392212,4.66,0.5848687292033999,9.41,0.9952072499735921,0.7203243243243242,0.0053951770210425645,0.9528577327327322,0.0014983621443218288,14.02,1.4397610890699886,7.4,1.321220284434054,4.56,0.9306677723011576,9.86,1.263256112749905,1.16,0.21420567312748742
55,13.94,1.3558950779466679,4.43,0.5454683873516413,9.51,0.9782324459963488,0.6796756756756757,0.00807641727192997,0.9525720720720721,0.0014836984390775604,14.66,1.5761178859463532,7.76,1.390390347492387,4.21,0.9742185865605313,9.53,1.3005467717848522,0.84,0.20316040559124704
56,13.73,1.3527848437944594,4.44,0.5355643961280474,9.29,0.9742185865605316,0.7052972972972974,0.007797621621621624,0.9513201951951956,0.0015269815642295949,14.66,1.5761178859463532,7.76,1.390390347492387,4.21,0.9742185865605313,9.53,1.3005467717848522,0.84,0.20316040559124704
57,13.53,1.3874405160582566,4.24,0.5149394123583859,9.29,1.0424160083191354,0.7145405405405407,0.006703448743136826,0.9508840090090089,0.001565729096529343,14.66,1.5761178859463532,7.76,1.390390347492387,4.21,0.9742185865605313,9.53,1.3005467717848522,0.84,0.20316040559124704
58,13.4,1.3310694647538122,4.33,0.5360913519168164,9.07,1.0075448583561923,0.7199459459459463,0.0057145931179759,0.9506584084084081,0.0015633733184106432,14.66,1.5761178859463532,7.76,1.390390347492387,4.21,0.9742185865605313,9.53,1.3005467717848522,0.84,0.20316040559124704
59,13.58,1.2581245954197064,4.57,0.5454683873516413,9.01,0.9224481331760611,0.7224864864864867,0.004792739792973913,0.950602102102102,0.001496484648954612,14.66,1.5761178859463532,7.76,1.390390347492387,4.21,0.9742185865605313,9.53,1.3005467717848522,0.84,0.20316040559124704
60,14.1,1.276410028164931,4.39,0.5529111017152759,9.71,0.9579147845189573,0.6745405405405404,0.008702148739125703,0.9504279279279281,0.001492836272423198,15.58,1.6193870623170974,8.06,1.4998342116380732,3.77,0.9512988771148635,8.98,1.2944846671938608,0.61,0.18364478320932517
61,14.16,1.2674154766295067,4.44,0.5398510372315679,9.72,0.9606319719851093,0.7052972972972974,0.00789774265462698,0.9489966216216217,0.0015406808225200677,15.58,1.6193870623170974,8.06,1.4998342116380732,3.77,0.9512988771148635,8.98,1.2944846671938608,0.61,0.18364478320932517
62,13.96,1.214542273615867,4.27,0.5184598283377411,9.69,0.9423075837538402,0.7134054054054053,0.006715635982549202,0.9486107357357356,0.0015497506154171228,15.58,1.6193870623170974,8.06,1.4998342116380732,3.77,0.9512988771148635,8.98,1.2944846671938608,0.61,0.18364478320932517
63,13.68,1.2176885486855826,4.38,0.5458380067382633,9.3,0.8936826282299553,0.7174594594594597,0.0056556780097688246,0.9484080330330332,0.0015148418580520928,15.58,1.6193870623170974,8.06,1.4998342116380732,3.77,0.9512988771148635,8.98,1.2944846671938608,0.61,0.18364478320932517
64,13.42,1.2823194210492175,3.99,0.5077081035398193,9.43,0.9808835616932321,0.7211891891891891,0.005155944118642617,0.9480822072072069,0.001499892927261964,15.58,1.6193870623170974,8.06,1.4998342116380732,3.77,0.9512988771148635,8.98,1.2944846671938608,0.61,0.18364478320932517
65,12.93,1.2430959100568226,4.09,0.5111768680212359,8.84,0.9390507070440874,0.6801621621621624,0.008026837121422704,0.9480716966966962,0.001451850149012037,16.3,1.7175461100069473,8.3,1.6301026716130493,3.72,1.0184760505775285,8.2,1.3434223758743928,0.48,0.16038501675655373
66,12.75,1.210567784140979,4.08,0.46106266125115775,8.67,0.9602219835017317,0.7095675675675678,0.006760405746788619,0.9469740990990995,0.0014452209312313994,16.3,1.7175461100069473,8.3,1.6301026716130493,3.72,1.0184760505775285,8.2,1.3434223758743928,0.48,0.16038501675655373
67,12.6,1.259595490623875,4.2,0.5237272572627856,8.4,0.9489315254537599,0.718162162162162,0.005543757659001566,0.9471077327327329,0.0014150045547137227,16.3,1.7175461100069473,8.3,1.6301026716130493,3.72,1.0184760505775285,8.2,1.3434223758743928,0.48,0.16038501675655373
68,12.82,1.315211116741339,4.43,0.5282954491570034,8.39,0.9641506761912269,0.7228648648648648,0.005275757070705737,0.9470889639639642,0.001390735311962676,16.3,1.7175461100069473,8.3,1.6301026716130493,3.72,1.0184760505775285,8.2,1.3434223758743928,0.48,0.16038501675655373
69,12.9,1.3268780200154053,4.3,0.49078337380151743,8.6,1.0158020279562354,0.7246486486486488,0.0048175009127719,0.9471542792792791,0.0013701488283133318,16.3,1.7175461100069473,8.3,1.6301026716130493,3.72,1.0184760505775285,8.2,1.3434223758743928,0.48,0.16038501675655373
70,13.13,1.4151837935759437,4.34,0.526813582209115,8.79,1.0661012777405345,0.6850810810810813,0.0074398197359501345,0.9471929429429428,0.0013476524230492995,17.14,1.8338353269582306,8.28,1.6513113412073448,3.35,0.9746443659099457,7.84,1.3618037121406301,0.39,0.1463976994354761
71,13.05,1.397625686655765,4.37,0.5745542007504599,8.68,0.9904809143037537,0.7107027027027025,0.006542074230725402,0.9462597597597596,0.0014420748945206743,17.14,1.8338353269582306,8.28,1.6513113412073448,3.35,0.9746443659099457,7.84,1.3618037121406301,0.39,0.1463976994354761
72,13.13,1.4023673304808553,4.11,0.5309357460182915,9.02,1.0554850229160049,0.7199999999999995,0.005237631546993347,0.9462759009009009,0.0014701845833289633,17.14,1.8338353269582306,8.28,1.6513113412073448,3.35,0.9746443659099457,7.84,1.3618037121406301,0.39,0.1463976994354761
73,13.16,1.3977205122627339,4.44,0.5621613490804932,8.72,1.0753525308474428,0.726108108108108,0.00372789746455142,0.946326201201201,0.0014358378756058766,17.14,1.8338353269582306,8.28,1.6513113412073448,3.35,0.9746443659099457,7.84,1.3618037121406301,0.39,0.1463976994354761
74,13.32,1.4359939699037734,4.49,0.5092191653895208,8.83,1.1273169641232221,0.7254054054054053,0.003947108603241777,0.9464594594594595,0.001357904648773724,17.14,1.8338353269582306,8.28,1.6513113412073448,3.35,0.9746443659099457,7.84,1.3618037121406301,0.39,0.1463976994354761
75,13.38,1.4381058408893277,4.46,0.5349184371471972,8.92,1.1275299275850728,0.6851891891891895,0.006316226829028078,0.9464271771771772,0.0013390141288974272,17.86,1.9373328486349475,8.4,1.7017044631780227,3.07,0.9457908868243547,7.36,1.3693430272944762,0.31,0.12609671843469994
76,13.27,1.4021481639256246,4.64,0.5263028846586346,8.63,1.0687500968888843,0.7130270270270274,0.0058589066020222486,0.9454493243243239,0.0013698229185834477,17.86,1.9373328486349475,8.4,1.7017044631780227,3.07,0.9457908868243547,7.36,1.3693430272944762,0.31,0.12609671843469994
77,13.36,1.431342253411112,4.52,0.538540094700478,8.84,1.0964513990141103,0.7198918918918922,0.005184601016661963,0.9455052552552555,0.0013546649676806233,17.86,1.9373328486349475,8.4,1.7017044631780227,3.07,0.9457908868243547,7.36,1.3693430272944762,0.31,0.12609671843469994
78,13.45,1.4665659889687883,4.65,0.5327271346571336,8.8,1.0905775350702949,0.7236216216216217,0.004523916703520796,0.9454406906906909,0.0013686224975474604,17.86,1.9373328486349475,8.4,1.7017044631780227,3.07,0.9457908868243547,7.36,1.3693430272944762,0.31,0.12609671843469994
79,13.5,1.4668606477781043,4.74,0.5596271959081333,8.76,1.0860310301275928,0.7264324324324327,0.004111180523915138,0.9454110360360359,0.0013686442327549646,17.86,1.9373328486349475,8.4,1.7017044631780227,3.07,0.9457908868243547,7.36,1.3693430272944762,0.31,0.12609671843469994
80,13.52,1.4083333105483236,4.46,0.6018317160137043,9.06,1.0303785432548562,0.6865405405405401,0.006709808609951314,0.9453870120120116,0.0013487767472721355,18.61,1.9582146068293942,8.45,1.7242152417839254,2.73,0.8921144061161662,6.97,1.392139585530129,0.24,0.11468931249248995
81,13.61,1.3994166664721408,4.23,0.5265473517168231,9.38,1.0723833314631483,0.711945945945946,0.005830483692176265,0.944480105105105,0.0013943930963149303,18.61,1.9582146068293942,8.45,1.7242152417839254,2.73,0.8921144061161662,6.97,1.392139585530129,0.24,0.11468931249248995
82,13.61,1.4171477715467784,4.25,0.5320055262870865,9.36,1.0708561838080777,0.7201621621621622,0.004950873438519377,0.9445439189189184,0.0013632110606638232,18.61,1.9582146068293942,8.45,1.7242152417839254,2.73,0.8921144061161662,6.97,1.392139585530129,0.24,0.11468931249248995
83,13.68,1.376160093012437,4.27,0.56115932995897,9.41,1.0620577905180113,0.7245945945945945,0.004700885016841317,0.944584084084084,0.0013422695818870712,18.61,1.9582146068293942,8.45,1.7242152417839254,2.73,0.8921144061161662,6.97,1.392139585530129,0.24,0.11468931249248995
84,13.39,1.355349566126761,4.1,0.49234638213355436,9.29,1.0899767770003175,0.7258918918918915,0.0041313349590008305,0.9446670420420424,0.0013132350154065819,18.61,1.9582146068293942,8.45,1.7242152417839254,2.73,0.8921144061161662,6.97,1.392139585530129,0.24,0.11468931249248995
85,13.54,1.3907494865718986,4.43,0.536950576496571,9.11,1.1197399548109372,0.6848108108108107,0.007394533709248316,0.9447616366366367,0.0012782846272774422,19.02,1.9876332844868543,8.84,1.7693752768703415,2.64,0.8992620120965855,6.36,1.3729852462426533,0.14,0.08324810147985365
86,13.48,1.4086060604725512,4.36,0.5378548562577081,9.12,1.1067597795366437,0.7128108108108109,0.005859979356610204,0.9437042042042048,0.0012852467645430147,19.02,1.9876332844868543,8.84,1.7693752768703415,2.64,0.8992620120965855,6.36,1.3729852462426533,0.14,0.08324810147985365
87,13.44,1.4264491657258591,4.45,0.5334477668900677,8.99,1.0893421860921386,0.7214594594594594,0.004567867783512918,0.9437282282282282,0.0012676915377701462,19.02,1.9876332844868543,8.84,1.7693752768703415,2.64,0.8992620120965855,6.36,1.3729852462426533,0.14,0.08324810147985365
88,13.64,1.4462940801925444,4.47,0.5181633580252466,9.17,1.113947511151221,0.7245945945945949,0.004686536612469236,0.943875,0.0012434339039103224,19.02,1.9876332844868543,8.84,1.7693752768703415,2.64,0.8992620120965855,6.36,1.3729852462426533,0.14,0.08324810147985365
89,13.78,1.449758885332316,4.53,0.5546869257518153,9.25,1.108526860297034,0.7276756756756757,0.004159724416336799,0.9438945195195199,0.001194695460507916,19.02,1.9876332844868543,8.84,1.7693752768703415,2.64,0.8992620120965855,6.36,1.3729852462426533,0.14,0.08324810147985365
90,14.48,1.5842038737485777,4.96,0.5700332397325617,9.52,1.1816963373049778,0.6855675675675675,0.0068776057498417045,0.9439786036036034,0.0011719866578559703,19.62,2.033641445683088,8.84,1.8037793851799055,2.34,0.8440389033687961,6.12,1.4156248406975627,0.08,0.06606101422170259
91,14.11,1.5620831112332019,4.84,0.586508508378182,9.27,1.1779110805149937,0.7105945945945945,0.006464300378501264,0.9430439189189189,0.0011976510939251748,19.62,2.033641445683088,8.84,1.8037793851799055,2.34,0.8440389033687961,6.12,1.4156248406975627,0.08,0.06606101422170259
92,13.71,1.4948248106049085,4.45,0.5796929877098742,9.26,1.1397092429211932,0.7183243243243246,0.005904326789738964,0.9430608108108107,0.0011963796151941565,19.62,2.033641445683088,8.84,1.8037793851799055,2.34,0.8440389033687961,6.12,1.4156248406975627,0.08,0.06606101422170259
93,13.92,1.4874527681913126,4.57,0.6279682170301298,9.35,1.045756893355239,0.7223783783783786,0.005430223260365468,0.9431261261261263,0.0012055578530208424,19.62,2.033641445683088,8.84,1.8037793851799055,2.34,0.8440389033687961,6.12,1.4156248406975627,0.08,0.06606101422170259
94,14.11,1.5169171784906381,4.79,0.6774316898403854,9.32,1.060169779610794,0.7261081081081083,0.004345217693454058,0.943218843843844,0.0011841457532108435,19.62,2.033641445683088,8.84,1.8037793851799055,2.34,0.8440389033687961,6.12,1.4156248406975627,0.08,0.06606101422170259
95,14.33,1.5613845194570102,4.63,0.6312630272715167,9.7,1.1406795869129946,0.6844324324324323,0.0068983422270407265,0.9433975225225226,0.0011492785169534417,19.58,2.1190092915322483,9.25,1.8975340945553523,2.1,0.8234333002739206,6.04,1.507014417449283,0.03,0.03343509533409471
96,14.13,1.5476939909426533,4.62,0.6765720136097857,9.51,1.0794227338721372,0.7093513513513513,0.006389963536557864,0.9424816066066063,0.0011647811145908574,19.58,2.1190092915322483,9.25,1.8975340945553523,2.1,0.8234333002739206,6.04,1.507014417449283,0.03,0.03343509533409471
97,14.04,1.6052675211316028,4.5,0.5883265759763023,9.54,1.1865432711873596,0.718,0.005562020899107063,0.9424241741741745,0.0011903769393722835,19.58,2.1190092915322483,9.25,1.8975340945553523,2.1,0.8234333002739206,6.04,1.507014417449283,0.03,0.03343509533409471
98,14.23,1.5859912589923053,4.6,0.5515928933552352,9.63,1.2163549028141418,0.7246486486486491,0.004789459886193949,0.9425792042042044,0.0011679283730071008,19.58,2.1190092915322483,9.25,1.8975340945553523,2.1,0.8234333002739206,6.04,1.507014417449283,0.03,0.03343509533409471
99,14.48,1.5795897675029424,4.45,0.5240022519035584,10.03,1.2499376566853244,0.7264324324324327,0.00482000495985245,0.9427646396396393,0.0011320117991854253,19.58,2.1190092915322483,9.25,1.8975340945553523,2.1,0.8234333002739206,6.04,1.507014417449283,0.03,0.03343509533409471
100,14.74,1.5842378225506422,4.79,0.5580289010436644,9.95,1.2225671842479657,0.6850270270270272,0.007458255981257123,0.9429298048048045,0.0010900894523395495,20.11,2.139705168101437,8.95,1.8716460669688597,2.05,0.7939209784355119,5.86,1.5375747157130284,0.03,0.03343509533409471
101,14.43,1.5323778390462326,4.64,0.5498629705663038,9.79,1.1760963627186338,0.7066486486486486,0.00703221752917584,0.9420559309309311,0.0011229495055491982,20.11,2.139705168101437,8.95,1.8716460669688597,2.05,0.7939209784355119,5.86,1.5375747157130284,0.03,0.03343509533409471
102,14.33,1.5323276991557648,4.89,0.5976521784449544,9.44,1.1523466589529385,0.7138378378378377,0.0066380356128648895,0.9419680930930937,0.0011599206758599267,20.11,2.139705168101437,8.95,1.8716460669688597,2.05,0.7939209784355119,5.86,1.5375747157130284,0.03,0.03343509533409471
103,14.61,1.526006961452011,4.94,0.5872285606133272,9.67,1.1522583120116772,0.720216216216216,0.005433529533967198,0.9418708708708712,0.0012073965102872293,20.11,2.139705168101437,8.95,1.8716460669688597,2.05,0.7939209784355119,5.86,1.5375747157130284,0.03,0.03343509533409471
104,14.31,1.5079764130781357,4.93,0.5835766287301094,9.38,1.1169523936139805,0.723027027027027,0.004827509307949033,0.941987987987988,0.001227444190036384,20.11,2.139705168101437,8.95,1.8716460669688597,2.05,0.7939209784355119,5.86,1.5375747157130284,0.03,0.03343509533409471
105,13.86,1.4774344271066653,4.96,0.6034254008574713,8.9,1.0865190656403594,0.6797837837837841,0.0068449936670833015,0.9421355105105104,0.0011917622204978531,20.41,2.1553040876869325,9.02,1.9107698117774408,2.01,0.7842425124921497,5.54,1.4999878847510737,0.02,0.027439999999999985
106,13.69,1.495698332686107,4.96,0.6253106543151173,8.73,1.0307643540596463,0.7047567567567566,0.006872258732802269,0.9411092342342344,0.0012513151382964383,20.41,2.1553040876869325,9.02,1.9107698117774408,2.01,0.7842425124921497,5.54,1.4999878847510737,0.02,0.027439999999999985
107,13.34,1.4641659162813485,4.94,0.6240191843204823,8.4,1.0263365529883461,0.7135675675675676,0.006454004070610922,0.9409647147147148,0.001305760146173144,20.41,2.1553040876869325,9.02,1.9107698117774408,2.01,0.7842425124921497,5.54,1.4999878847510737,0.02,0.027439999999999985
108,13.4,1.4865020417073098,4.79,0.6728797324931104,8.61,1.016518433871221,0.7197837837837837,0.005058228281709956,0.9409605855855858,0.001348885022260425,20.41,2.1553040876869325,9.02,1.9107698117774408,2.01,0.7842425124921497,5.54,1.4999878847510737,0.02,0.027439999999999985
109,13.54,1.4855765663202956,4.83,0.6524504100696084,8.71,1.0570543668137415,0.7231351351351354,0.00519584670231725,0.9411535285285288,0.0013214399829080334,20.41,2.1553040876869325,9.02,1.9107698117774408,2.01,0.7842425124921497,5.54,1.4999878847510737,0.02,0.027439999999999985
110,13.61,1.4089919114033267,4.69,0.6115042946701188,8.92,1.0366454637917442,0.682162162162162,0.008759622087101621,0.9412586336336338,0.0013515714399779679,20.59,2.2190619347823533,8.98,1.9053337328667652,2.02,0.828308151354314,5.41,1.5270639116945954,0.0,0.0
111,13.55,1.4151077838807897,4.61,0.5820210016829289,8.94,1.0565181789254738,0.7073513513513512,0.007340181033269462,0.9404039039039034,0.001414220169507209,20.59,2.2190619347823533,8.98,1.9053337328667652,2.02,0.828308151354314,5.41,1.5270639116945954,0.0,0.0
112,13.32,1.3994125487503675,4.63,0.5343687580688077,8.69,1.0601027414359423,0.7179459459459457,0.005786200761972612,0.9405784534534536,0.0013651796125809183,20.59,2.2190619347823533,8.98,1.9053337328667652,2.02,0.828308151354314,5.41,1.5270639116945954,0.0,0.0
113,13.49,1.4444269169466486,4.75,0.5525496900732095,8.74,1.0726842025498458,0.7218378378378381,0.004963474284508076,0.9408108108108106,0.0013373328237967263,20.59,2.2190619347823533,8.98,1.9053337328667652,2.02,0.828308151354314,5.41,1.5270639116945954,0.0,0.0
114,13.61,1.4727140545265396,4.57,0.5648439798740891,9.04,1.099670047968935,0.7252972972972974,0.004520752122663374,0.9409665915915914,0.0013438677445783394,20.59,2.2190619347823533,8.98,1.9053337328667652,2.02,0.828308151354314,5.41,1.5270639116945954,0.0,0.0
115,13.71,1.4736006834960413,4.43,0.5593765829921736,9.28,1.0846010259998837,0.6742702702702702,0.008197806755450376,0.9412222222222217,0.00130454710575476,21.23,2.227659640429839,8.65,1.8833091196083565,1.9,0.840517840381749,5.22,1.4812154554959251,0.0,0.0
116,13.01,1.3729782512479942,4.5,0.5491498884639785,8.51,1.0417524458334617,0.7014054054054054,0.0075260707013425675,0.9400435435435436,0.0013168067065743004,21.23,2.227659640429839,8.65,1.8833091196083565,1.9,0.840517840381749,5.22,1.4812154554959251,0.0,0.0
117,12.91,1.3672584065932818,4.53,0.5676932847938223,8.38,1.0470069768630963,0.7147027027027029,0.005986799078166687,0.9399756006006005,0.001302958439824492,21.23,2.227659640429839,8.65,1.8833091196083565,1.9,0.840517840381749,5.22,1.4812154554959251,0.0,0.0
118,12.78,1.3628921694690304,4.62,0.6014230537649852,8.16,0.9704355673613779,0.7217837837837839,0.0052685183660643444,0.9402841591591589,0.0012991497602600783,21.23,2.227659640429839,8.65,1.8833091196083565,1.9,0.840517840381749,5.22,1.4812154554959251,0.0,0.0
119,12.92,1.3396080238636974,4.63,0.6102213775344157,8.29,0.9351870478144997,0.7260540540540541,0.004444378764614928,0.9406805555555552,0.0012070801906524267,21.23,2.227659640429839,8.65,1.8833091196083565,1.9,0.840517840381749,5.22,1.4812154554959251,0.0,0.0
120,12.76,1.3753894133662654,4.34,0.5593525457169208,8.42,0.9761429698563626,0.6877837837837839,0.006645302692235999,0.9410472972972965,0.0011750459827875996,21.76,2.225117138130036,8.34,1.8744856335539086,1.75,0.8059271182929633,5.15,1.462894158850872,0.0,0.0
121,12.84,1.3132643566319766,4.16,0.5394239060330939,8.68,0.9533259471974942,0.7123783783783783,0.006152705342838431,0.940407282282282,0.001162002012573353,21.76,2.225117138130036,8.34,1.8744856335539086,1.75,0.8059271182929633,5.15,1.462894158850872,0.0,0.0
122,12.98,1.3655391878668293,4.43,0.5475771375797205,8.55,1.0014717769363246,0.7201621621621622,0.005159589322336069,0.9406411411411406,0.0011538428301315624,21.76,2.225117138130036,8.34,1.8744856335539086,1.75,0.8059271182929633,5.15,1.462894158850872,0.0,0.0
123,13.41,1.4095916112122693,4.54,0.6018317160137042,8.87,1.0366361992521773,0.723297297297297,0.004723086430683012,0.9409403153153155,0.0010768524282891438,21.76,2.225117138130036,8.34,1.8744856335539086,1.75,0.8059271182929633,5.15,1.462894158850872,0.0,0.0
124,13.46,1.4560623525110452,4.48,0.6056875709472663,8.98,1.0663480827572205,0.7271351351351353,0.004185816928992322,0.941127252252252,0.0010550510248049463,21.76,2.225117138130036,8.34,1.8744856335539086,1.75,0.8059271182929633,5.15,1.462894158850872,0.0,0.0
125,13.46,1.3959878990879542,4.6,0.5853808333042687,8.86,0.9854805154847052,0.6870810810810812,0.006368920074778685,0.9413156906906903,0.0010417204182490197,22.31,2.1977701204630113,8.24,1.8814203247546786,1.63,0.7694866143085268,4.82,1.41456609658227,0.0,0.0
126,13.39,1.3626990740438625,4.35,0.557395191941947,9.04,0.9557567757541664,0.7097837837837837,0.006629363862933843,0.9407522522522522,0.0009794173804030977,22.31,2.1977701204630113,8.24,1.8814203247546786,1.63,0.7694866143085268,4.82,1.41456609658227,0.0,0.0
127,13.4,1.3562293611332856,4.11,0.5605017452247584,9.29,0.9655044352047278,0.7178918918918917,0.005467662829058842,0.940874624624625,0.0009584389075987356,22.31,2.1977701204630113,8.24,1.8814203247546786,1.63,0.7694866143085268,4.82,1.41456609658227,0.0,0.0
128,13.04,1.3550731841491073,4.12,0.5702758013452789,8.92,0.9954330402392719,0.7221621621621622,0.004726186781131146,0.9410499249249249,0.0009545928077586644,22.31,2.1977701204630113,8.24,1.8814203247546786,1.63,0.7694866143085268,4.82,1.41456609658227,0.0,0.0
129,13.39,1.4729748831531375,4.3,0.58963107109446,9.09,1.1170607281611866,0.7259459459459456,0.0040384726878908124,0.941286411411411,0.0009748005154381619,22.31,2.1977701204630113,8.24,1.8814203247546786,1.63,0.7694866143085268,4.82,1.41456609658227,0.0,0.0
130,13.7,1.5602634136580908,4.34,0.6118340219373224,9.36,1.2074363612215757,0.6820000000000002,0.006908544962712926,0.9416122372372374,0.0009242237080947966,22.92,2.2217583436548627,8.1,1.9007958333287658,1.46,0.6780693581043165,4.52,1.3777224661012109,0.0,0.0
131,13.49,1.5456672340448956,4.6,0.6123235745910817,8.89,1.0996613144054854,0.70827027027027,0.007042744305407615,0.9406084834834836,0.0009550590629916769,22.92,2.2217583436548627,8.1,1.9007958333287658,1.46,0.6780693581043165,4.52,1.3777224661012109,0.0,0.0
132,13.45,1.4986952592171632,4.69,0.6563483696940213,8.76,1.0438246779991363,0.719891891891892,0.005793955091778975,0.9404099099099099,0.001062143783251206,22.92,2.2217583436548627,8.1,1.9007958333287658,1.46,0.6780693581043165,4.52,1.3777224661012109,0.0,0.0
133,13.67,1.5490337690315212,4.61,0.5995774231907003,9.06,1.1214283492047095,0.725189189189189,0.004484205184896022,0.9407912912912916,0.001061970186926715,22.92,2.2217583436548627,8.1,1.9007958333287658,1.46,0.6780693581043165,4.52,1.3777224661012109,0.0,0.0
134,13.42,1.514708492614998,4.77,0.5826543002501567,8.65,1.0970311025672883,0.7267027027027022,0.0042466222469629104,0.9410499249249246,0.0010431862343879262,22.92,2.2217583436548627,8.1,1.9007958333287658,1.46,0.6780693581043165,4.52,1.3777224661012109,0.0,0.0
135,13.36,1.5673922822318602,4.69,0.5692070821766009,8.67,1.1618866113352024,0.6819459459459458,0.006940421802470048,0.9412590090090095,0.0010337252141928697,23.44,2.2662075682514176,8.12,1.9451022619903569,1.28,0.602252858523727,4.16,1.32954473049988,0.0,0.0
136,13.13,1.4762990109053107,4.48,0.5526226864688057,8.65,1.1033163644213748,0.7057837837837836,0.007470887136888473,0.9402987987987987,0.0011008594880716365,23.44,2.2662075682514176,8.12,1.9451022619903569,1.28,0.602252858523727,4.16,1.32954473049988,0.0,0.0
137,12.95,1.4385318487958474,4.36,0.5456549884313346,8.59,1.0920190613720988,0.7136756756756756,0.0068176113316035635,0.9402447447447453,0.0011189257548966742,23.44,2.2662075682514176,8.12,1.9451022619903569,1.28,0.602252858523727,4.16,1.32954473049988,0.0,0.0
138,12.68,1.3861731932193757,4.18,0.533451367605333,8.5,1.025025658215442,0.7201621621621621,0.00605813519198629,0.9402413663663667,0.0011516966917940075,23.44,2.2662075682514176,8.12,1.9451022619903569,1.28,0.602252858523727,4.16,1.32954473049988,0.0,0.0
139,12.5,1.368214778461335,4.06,0.529432245334566,8.44,1.0508671192876862,0.7236216216216218,0.005382752668001705,0.9404196696696695,0.001193643916951849,23.44,2.2662075682514176,8.12,1.9451022619903569,1.28,0.602252858523727,4.16,1.32954473049988,0.0,0.0
140,12.45,1.3207477124719917,3.99,0.5240902197141251,8.46,1.033951553217074,0.6799999999999997,0.007224550304349267,0.9406370120120117,0.0011806485274944247,23.52,2.3087235940233297,8.25,2.01057694207409,1.24,0.6079918736299029,3.99,1.3196186715866067,0.0,0.0
141,12.13,1.2920117219282496,4.11,0.5110265417764521,8.02,0.9585902949644337,0.7058378378378378,0.006667325771752597,0.9398363363363361,0.0012392616719715617,23.52,2.3087235940233297,8.25,2.01057694207409,1.24,0.6079918736299029,3.99,1.3196186715866067,0.0,0.0
142,12.21,1.3055115527638965,4.33,0.5633457354058872,7.88,0.9449883436318144,0.7195135135135134,0.005248111327187777,0.9397984234234232,0.0013025813609599927,23.52,2.3087235940233297,8.25,2.01057694207409,1.24,0.6079918736299029,3.99,1.3196186715866067,0.0,0.0
143,12.47,1.399021309916329,4.26,0.5745307984782018,8.21,1.0628532609913752,0.7248648648648651,0.004317865988079686,0.9400949699699704,0.0013081491679206821,23.52,2.3087235940233297,8.25,2.01057694207409,1.24,0.6079918736299029,3.99,1.3196186715866067,0.0,0.0
144,12.66,1.44833788543972,4.16,0.5904253978277021,8.5,1.115134933539435,0.7285945945945946,0.003933706060676655,0.9403100600600602,0.0012671544003899397,23.52,2.3087235940233297,8.25,2.01057694207409,1.24,0.6079918736299029,3.99,1.3196186715866067,0.0,0.0
145,12.78,1.4778400000000003,4.08,0.610237115882015,8.7,1.084749777598502,0.6852432432432429,0.007092612260711066,0.9406482732732729,0.0012107741064478152,24.06,2.298273635231453,8.02,2.0038026234137933,1.12,0.5675748493370718,3.8,1.298638671840631,0.0,0.0
146,12.51,1.4668593383143456,4.17,0.5945329743588661,8.34,1.0434933973916651,0.7119459459459461,0.006797561575433072,0.9399144144144141,0.001241254384878261,24.06,2.298273635231453,8.02,2.0038026234137933,1.12,0.5675748493370718,3.8,1.298638671840631,0.0,0.0
147,12.6,1.532313910398258,4.18,0.63896,8.42,1.081799268626116,0.7225945945945946,0.005256627446752506,0.9401794294294293,0.0012804117806795138,24.06,2.298273635231453,8.02,2.0038026234137933,1.12,0.5675748493370718,3.8,1.298638671840631,0.0,0.0
148,12.71,1.5831887109248857,4.43,0.6466544684760172,8.28,1.1256203381247158,0.7273513513513515,0.004535476527433304,0.9405623123123127,0.0012409827976853668,24.06,2.298273635231453,8.02,2.0038026234137933,1.12,0.5675748493370718,3.8,1.298638671840631,0.0,0.0
149,13.03,1.6500022259378924,4.67,0.6902178334410087,8.36,1.1686334610989024,0.7290810810810813,0.004182597812213006,0.9409286786786789,0.0011718790946267591,24.06,2.298273635231453,8.02,2.0038026234137933,1.12,0.5675748493370718,3.8,1.298638671840631,0.0,0.0
150,13.14,1.6552475604573473,4.41,0.6501145978979398,8.73,1.1801918291532103,0.6864864864864866,0.007053167843265459,0.9411565315315316,0.0011236879607945363,24.65,2.304209044336038,8.02,2.056408985002741,1.02,0.5571228891366782,3.31,1.1850124988370376,0.0,0.0
151,12.76,1.5973987975455597,4.44,0.6602145881453999,8.32,1.1404707631500248,0.7124864864864867,0.006751832978731094,0.9402856606606607,0.001100229410937272,24.65,2.304209044336038,8.02,2.056408985002741,1.02,0.5571228891366782,3.31,1.1850124988370376,0.0,0.0
152,12.5,1.635279107675506,4.35,0.6425542467371919,8.15,1.2083443714438367,0.7196756756756757,0.005511266967852518,0.9403269519519516,0.0011415573323735404,24.65,2.304209044336038,8.02,2.056408985002741,1.02,0.5571228891366782,3.31,1.1850124988370376,0.0,0.0
153,12.42,1.6335585871342353,4.37,0.5962106084262503,8.05,1.2086622522441908,0.7229189189189189,0.004734776360590482,0.9405202702702701,0.0011215139222949147,24.65,2.304209044336038,8.02,2.056408985002741,1.02,0.5571228891366782,3.31,1.1850124988370376,0.0,0.0
154,12.38,1.664911267785764,3.98,0.5522749981666742,8.4,1.2684092714892936,0.7271351351351352,0.004096369550531488,0.9406662912912919,0.0010553602125055925,24.65,2.304209044336038,8.02,2.056408985002741,1.02,0.5571228891366782,3.31,1.1850124988370376,0.0,0.0
155,12.53,1.7861730670906444,4.12,0.6156272326660022,8.41,1.3221198850331235,0.6843243243243243,0.006815215392585461,0.9409887387387389,0.00097802656162475,25.05,2.3087061224850602,7.92,2.068831761550464,0.92,0.49945784366651047,3.11,1.1545364985135802,0.0,0.0
156,12.19,1.7251774814203897,4.16,0.5858531474695686,8.03,1.2889753394072365,0.711675675675676,0.00661839160138891,0.9401272522522526,0.0009753455791519707,25.05,2.3087061224850602,7.92,2.068831761550464,0.92,0.49945784366651047,3.11,1.1545364985135802,0.0,0.0
157,12.01,1.6579086097852318,4.12,0.6042906002909528,7.89,1.2075556659632714,0.7186486486486485,0.006051683995540793,0.9404418168168168,0.000953163551882504,25.05,2.3087061224850602,7.92,2.068831761550464,0.92,0.49945784366651047,3.11,1.1545364985135802,0.0,0.0
158,11.65,1.5722511122591079,3.96,0.5925038180467701,7.69,1.1461207887478528,0.7244324324324326,0.004960216758146898,0.9405912162162164,0.0009868003957923827,25.05,2.3087061224850602,7.92,2.068831761550464,0.92,0.49945784366651047,3.11,1.1545364985135802,0.0,0.0
159,11.51,1.5873567961866668,3.83,0.5867278905932461,7.68,1.1651305684771989,0.7275675675675677,0.004618076718562013,0.9409391891891891,0.000969208217554094,25.05,2.3087061224850602,7.92,2.068831761550464,0.92,0.49945784366651047,3.11,1.1545364985135802,0.0,0.0
160,11.58,1.5875225660128425,3.92,0.581218493855796,7.66,1.1429405191872406,0.6885945945945946,0.006052648404383446,0.9412432432432432,0.00096704903594803,25.22,2.301407262002969,7.89,2.079982991853538,0.85,0.48039995836802507,3.04,1.1671203427239194,0.0,0.0
161,11.43,1.566101325457584,3.75,0.5448482724575714,7.68,1.1657898102145172,0.7175675675675676,0.005960106871740742,0.9406865615615615,0.0009070657267253128,25.22,2.301407262002969,7.89,2.079982991853538,0.85,0.48039995836802507,3.04,1.1671203427239194,0.0,0.0
162,11.28,1.5542392176238513,3.64,0.5306643443835283,7.64,1.1933551384227579,0.7255135135135135,0.004763045062187277,0.9410570570570571,0.0009445667074788793,25.22,2.301407262002969,7.89,2.079982991853538,0.85,0.48039995836802507,3.04,1.1671203427239194,0.0,0.0
163,11.54,1.54589711636965,3.77,0.5337933247990273,7.77,1.2021225035744068,0.7292972972972974,0.0043313107671102994,0.9413749999999997,0.000911770943887076,25.22,2.301407262002969,7.89,2.079982991853538,0.85,0.48039995836802507,3.04,1.1671203427239194,0.0,0.0
164,11.42,1.5406098719662937,3.78,0.5778377848496931,7.64,1.1735539895548053,0.7315675675675677,0.003992967632689364,0.9416520270270271,0.00091871324267328,25.22,2.301407262002969,7.89,2.079982991853538,0.85,0.48039995836802507,3.04,1.1671203427239194,0.0,0.0
165,11.63,1.5249392019356047,3.8,0.5964328629443554,7.83,1.1442287960019184,0.687675675675676,0.00667641056377378,0.9419838588588588,0.0008983531425435209,25.52,2.3088899830004896,7.8,2.0763052569408003,0.71,0.4332398116516992,2.97,1.1816882099775732,0.0,0.0
166,11.58,1.4525649787875237,3.96,0.6122733820769934,7.62,1.0698727819698939,0.713675675675676,0.006708068614122475,0.9411006006006007,0.0009619241420809558,25.52,2.3088899830004896,7.8,2.0763052569408003,0.71,0.4332398116516992,2.97,1.1816882099775732,0.0,0.0
167,11.42,1.3939941096001809,3.68,0.5542885544551683,7.74,1.0443765788258563,0.7216756756756761,0.00596974147242793,0.941126876876877,0.001032992246554108,25.52,2.3088899830004896,7.8,2.0763052569408003,0.71,0.4332398116516992,2.97,1.1816882099775732,0.0,0.0
168,11.45,1.4699673329703618,3.58,0.5304181535354913,7.87,1.1196576126655864,0.7256216216216219,0.004956005950977187,0.9412642642642646,0.0010955621837332441,25.52,2.3088899830004896,7.8,2.0763052569408003,0.71,0.4332398116516992,2.97,1.1816882099775732,0.0,0.0
169,11.55,1.4531453746958698,3.72,0.5467521793280755,7.83,1.0983190144944228,0.7290270270270274,0.0044815385597664435,0.9414189189189192,0.0010918481924095766,25.52,2.3088899830004896,7.8,2.0763052569408003,0.71,0.4332398116516992,2.97,1.1816882099775732,0.0,0.0
170,11.75,1.5142506397555195,3.62,0.5472437935691918,8.13,1.1969343046299572,0.6797297297297297,0.008295472851621789,0.9416632882882884,0.0010816141585053888,25.51,2.328607858442464,7.89,2.1045864502082106,0.66,0.42692021549699455,2.94,1.1957028152513485,0.0,0.0
171,11.67,1.5179703348880043,3.98,0.5459787483043641,7.69,1.126853416554256,0.7089729729729731,0.007386978040427555,0.940609234234234,0.0011354664957701846,25.51,2.328607858442464,7.89,2.1045864502082106,0.66,0.42692021549699455,2.94,1.1957028152513485,0.0,0.0
172,11.75,1.5590010519560273,4.23,0.6743397019307107,7.52,1.0875721923624195,0.7215135135135138,0.00586921416412025,0.9408119369369371,0.0010968558263964527,25.51,2.328607858442464,7.89,2.1045864502082106,0.66,0.42692021549699455,2.94,1.1957028152513485,0.0,0.0
173,11.72,1.5345886307411507,4.11,0.6228329843545538,7.61,1.0738564365873124,0.7271891891891894,0.004968074160564119,0.9410326576576573,0.0011119169549353874,25.51,2.328607858442464,7.89,2.1045864502082106,0.66,0.42692021549699455,2.94,1.1957028152513485,0.0,0.0
174,11.56,1.5195550211821878,3.91,0.5906693410022228,7.65,1.0461241800092378,0.7295135135135139,0.004421691846399322,0.9412653903903903,0.0010838277401278872,25.51,2.328607858442464,7.89,2.1045864502082106,0.66,0.42692021549699455,2.94,1.1957028152513485,0.0,0.0
175,11.78,1.562005641987249,3.86,0.6110800981868091,7.92,1.1086325530129446,0.6897297297297297,0.005976328078117639,0.9415356606606602,0.0010806365140501547,25.41,2.3718583495647465,8.09,2.149592861543785,0.7,0.4740607555999549,2.8,1.1795878602291565,0.0,0.0
176,11.77,1.5930001737601915,4.0,0.6123235745910817,7.77,1.1367509989439202,0.7151891891891892,0.006140652983363343,0.9409710960960962,0.001063013873001968,25.41,2.3718583495647465,8.09,2.149592861543785,0.7,0.4740607555999549,2.8,1.1795878602291565,0.0,0.0
177,11.79,1.5331397634919004,4.14,0.6369366737753448,7.65,1.1109500618839716,0.7234594594594594,0.005058228281709956,0.9411861861861864,0.001063733942591541,25.41,2.3718583495647465,8.09,2.149592861543785,0.7,0.4740607555999549,2.8,1.1795878602291565,0.0,0.0
178,11.64,1.5681273948247954,4.34,0.6328220527130831,7.3,1.1202904623355499,0.7282162162162163,0.0041605338534791364,0.9414774774774777,0.0010132953213961454,25.41,2.3718583495647465,8.09,2.149592861543785,0.7,0.4740607555999549,2.8,1.1795878602291565,0.0,0.0
179,11.86,1.6273949755360557,4.13,0.5772224957501221,7.73,1.2030808258799572,0.7311891891891895,0.003645079469895737,0.9417856606606607,0.0009681097289475314,25.41,2.3718583495647465,8.09,2.149592861543785,0.7,0.4740607555999549,2.8,1.1795878602291565,0.0,0.0
180,12.03,1.6786241466153164,4.02,0.6154400000000002,8.01,1.227934916190594,0.6912972972972969,0.005968613222137212,0.9421189939939939,0.0009006735972945726,25.54,2.3639615171148614,8.05,2.175754499018674,0.71,0.5158152521979161,2.7,1.1620337344500802,0.0,0.0
181,11.58,1.6513346049786517,3.88,0.5668976006299552,7.7,1.2191452087425847,0.7176216216216221,0.0061469103771574895,0.9416152402402403,0.0008969295512200688,25.54,2.3639615171148614,8.05,2.175754499018674,0.71,0.5158152521979161,2.7,1.1620337344500802,0.0,0.0
182,11.35,1.5644127716175167,3.82,0.5594624219730939,7.53,1.148718862733611,0.7245945945945951,0.005568716858549549,0.9418348348348345,0.0009486498403619307,25.54,2.3639615171148614,8.05,2.175754499018674,0.71,0.5158152521979161,2.7,1.1620337344500802,0.0,0.0
183,11.59,1.5940223431307354,4.08,0.5838563330135248,7.51,1.131887696902833,0.7267567567567569,0.0052405774220577505,0.941982357357357,0.0010098085383118726,25.54,2.3639615171148614,8.05,2.175754499018674,0.71,0.5158152521979161,2.7,1.1620337344500802,0.0,0.0
184,12.02,1.629980120614972,4.11,0.6350490740092452,7.91,1.1432345824020549,0.7300540540540544,0.004893785335818812,0.9420247747747748,0.0010708579521157154,25.54,2.3639615171148614,8.05,2.175754499018674,0.71,0.5158152521979161,2.7,1.1620337344500802,0.0,0.0
185,12.44,1.760581932884693,4.1,0.6987613040230547,8.34,1.2535483358849793,0.6870810810810807,0.0070002856800726095,0.9421824324324324,0.0011001705298922973,25.55,2.3919027655822473,8.18,2.2036502357679177,0.7,0.5299254287161547,2.57,1.139586206304727,0.0,0.0
186,12.64,1.7717185799104773,4.19,0.6849884542092667,8.45,1.2612337293301348,0.7116756756756757,0.00651583932995969,0.9413719969969967,0.0011814589020351116,25.55,2.3919027655822473,8.18,2.2036502357679177,0.7,0.5299254287161547,2.57,1.139586206304727,0.0,0.0
187,12.31,1.7014098337555237,4.26,0.7108182597542076,8.05,1.2112022952422103,0.7207027027027029,0.005693655786850665,0.9414335585585581,0.0012108660395012392,25.55,2.3919027655822473,8.18,2.2036502357679177,0.7,0.5299254287161547,2.57,1.139586206304727,0.0,0.0
188,12.21,1.7008678533031307,4.16,0.6563630020042264,8.05,1.2247647774164634,0.7260540540540542,0.004903088639417992,0.941523273273273,0.001253367829218832,25.55,2.3919027655822473,8.18,2.2036502357679177,0.7,0.5299254287161547,2.57,1.139586206304727,0.0,0.0
189,12.56,1.7337571059407366,4.19,0.6379461281330896,8.37,1.3041454710269096,0.7289189189189191,0.004674545965694508,0.9416880630630626,0.0012671732966979391,25.55,2.3919027655822473,8.18,2.2036502357679177,0.7,0.5299254287161547,2.57,1.139586206304727,0.0,0.0
190,12.39,1.6860318284065694,4.15,0.626203896506561,8.24,1.2562728518916586,0.6859999999999998,0.006420175718554905,0.941871246246246,0.0012835117618088712,25.63,2.4170312802278753,8.21,2.210597623811262,0.65,0.5181040436051434,2.51,1.1487322396450785,0.0,0.0
191,12.33,1.6311757776524267,4.13,0.6528035919018826,8.2,1.182515285313471,0.7110270270270272,0.006907513179982279,0.9410596846846846,0.0012928855527953582,25.63,2.4170312802278753,8.21,2.210597623811262,0.65,0.5181040436051434,2.51,1.1487322396450785,0.0,0.0
192,12.48,1.6305692237988545,4.04,0.6511921178884154,8.44,1.1855391779270732,0.7195675675675679,0.006268348096801384,0.9411189939939938,0.0013129171097085092,25.63,2.4170312802278753,8.21,2.210597623811262,0.65,0.5181040436051434,2.51,1.1487322396450785,0.0,0.0
193,12.29,1.5880342862797387,3.97,0.6256392455720788,8.32,1.1795487788133225,0.7242162162162166,0.0057151528845509544,0.941115615615616,0.0013979733591138555,25.63,2.4170312802278753,8.21,2.210597623811262,0.65,0.5181040436051434,2.51,1.1487322396450785,0.0,0.0
194,12.33,1.67967654552893,3.78,0.6126873473477318,8.55,1.2730573435631245,0.7269729729729734,0.004927329425124338,0.9412361111111115,0.001418092967331506,25.63,2.4170312802278753,8.21,2.210597623811262,0.65,0.5181040436051434,2.51,1.1487322396450785,0.0,0.0
195,12.7,1.7318016976547863,3.89,0.6634505907752286,8.81,1.2881524996676443,0.6810810810810812,0.00710864928573921,0.9413348348348349,0.001426352607339143,25.78,2.4195610563901866,8.15,2.19981078277201,0.63,0.541510082639279,2.44,1.1088543017006336,0.0,0.0
196,12.52,1.6781720989219195,3.85,0.5829970497352452,8.67,1.307793017874006,0.7099459459459461,0.007641663031724899,0.9404170420420421,0.0015030396089380886,25.78,2.4195610563901866,8.15,2.19981078277201,0.63,0.541510082639279,2.44,1.1088543017006336,0.0,0.0
197,12.52,1.6472117998606008,4.11,0.6499964049131348,8.41,1.2243632264977575,0.7201621621621623,0.005961010777065839,0.9404951201201202,0.0015619759063211813,25.78,2.4195610563901866,8.15,2.19981078277201,0.63,0.541510082639279,2.44,1.1088543017006336,0.0,0.0
198,12.41,1.5495396059475213,4.05,0.6797414508473058,8.36,1.0974319871408889,0.7253513513513518,0.005104560994653442,0.9407117117117116,0.0015216691745482884,25.78,2.4195610563901866,8.15,2.19981078277201,0.63,0.541510082639279,2.44,1.1088543017006336,0.0,0.0
199,12.77,1.6145582533931684,4.17,0.7448283678808159,8.6,1.0996979949058743,0.7287567567567571,0.0044883584554426415,0.940978228228228,0.001492714875218542,25.78,2.4195610563901866,8.15,2.19981078277201,0.63,0.541510082639279,2.44,1.1088543017006336,0.0,0.0
200,12.65,1.6578808039180626,4.11,0.7039074700555464,8.54,1.1636591143457775,0.6848648648648648,0.006550681617716106,0.9412428678678678,0.0014174740114889835,25.89,2.423260012132417,8.13,2.2089217391297513,0.6,0.4752747415969002,2.38,1.0922600100708617,0.0,0.0
201,12.27,1.66400537066441,4.05,0.7413750198111614,8.22,1.1061695464981853,0.7087027027027029,0.006752165459322344,0.9403228228228224,0.0014586546847198021,25.89,2.423260012132417,8.13,2.2089217391297513,0.6,0.4752747415969002,2.38,1.0922600100708617,0.0,0.0
202,12.57,1.7610041003927275,4.32,0.8028251874474291,8.25,1.1264033203076065,0.7204324324324327,0.0050811658003287975,0.9403918918918914,0.0014380285439358482,25.89,2.423260012132417,8.13,2.2089217391297513,0.6,0.4752747415969002,2.38,1.0922600100708617,0.0,0.0
203,12.66,1.7876274529107008,4.53,0.7537493387061774,8.13,1.1577794822849472,0.7251891891891895,0.004713630268824235,0.9406655405405406,0.001336195779302885,25.89,2.423260012132417,8.13,2.2089217391297513,0.6,0.4752747415969002,2.38,1.0922600100708617,0.0,0.0
204,12.51,1.7701947007038519,4.3,0.6971100343561266,8.21,1.2362908777468191,0.7289189189189191,0.003829839705453318,0.9409358108108107,0.0012621505074227985,25.89,2.423260012132417,8.13,2.2089217391297513,0.6,0.4752747415969002,2.38,1.0922600100708617,0.0,0.0
205,12.6,1.8072432929741364,4.15,0.634734432656682,8.45,1.302294267821217,0.6849729729729731,0.006955542987417828,0.9412500000000003,0.0011525978364279126,26.03,2.4157276306736235,8.18,2.2185918690917434,0.54,0.45073182093125014,2.25,1.0596242919072778,0.0,0.0
206,12.8,1.7761536870440011,4.31,0.6668005266944529,8.49,1.2868993427615072,0.7142162162162166,0.006993483786645152,0.9404808558558558,0.001112783746731172,26.03,2.4157276306736235,8.18,2.2185918690917434,0.54,0.45073182093125014,2.25,1.0596242919072778,0.0,0.0
207,13.0,1.7987205230385288,4.28,0.6996294059000095,8.72,1.2644901682496388,0.7197837837837839,0.006189855057772418,0.9408119369369373,0.0010556804672918552,26.03,2.4157276306736235,8.18,2.2185918690917434,0.54,0.45073182093125014,2.25,1.0596242919072778,0.0,0.0
208,12.89,1.7066401045328803,4.25,0.6700649222276899,8.64,1.2061630430418604,0.7244864864864868,0.005538561823594325,0.9410412912912914,0.0010267313952966564,26.03,2.4157276306736235,8.18,2.2185918690917434,0.54,0.45073182093125014,2.25,1.0596242919072778,0.0,0.0
209,12.83,1.6718822977709884,4.23,0.6428411573631546,8.6,1.1838140394504542,0.7269189189189191,0.00481437776541049,0.9412323573573572,0.0010209988299688373,26.03,2.4157276306736235,8.18,2.2185918690917434,0.54,0.45073182093125014,2.25,1.0596242919072778,0.0,0.0
210,13.13,1.6825558325357288,4.46,0.6243884483236377,8.67,1.2193200800446122,0.678756756756757,0.00695743889135607,0.9413975225225225,0.001017717505729743,26.11,2.4528826401603476,8.27,2.2730685413334997,0.51,0.4430597232879565,2.11,1.0289141297503885,0.0,0.0
211,13.26,1.7110743871614698,4.39,0.6320171883738607,8.87,1.2764566775257202,0.7085405405405405,0.006817981762469552,0.9401340090090089,0.001070789524391061,26.11,2.4528826401603476,8.27,2.2730685413334997,0.51,0.4430597232879565,2.11,1.0289141297503885,0.0,0.0
212,13.4,1.7670462585908737,4.42,0.6460155242716692,8.98,1.3065954513926645,0.716864864864865,0.005833341836273328,0.9402957957957956,0.0011010729495518606,26.11,2.4528826401603476,8.27,2.2730685413334997,0.51,0.4430597232879565,2.11,1.0289141297503885,0.0,0.0
213,13.59,1.7748760493059788,4.45,0.6825613818551413,9.14,1.243332299266773,0.7227567567567569,0.005340127608502561,0.9405157657657655,0.0011035806582199272,26.11,2.4528826401603476,8.27,2.2730685413334997,0.51,0.4430597232879565,2.11,1.0289141297503885,0.0,0.0
214,13.69,1.8095152672470056,4.66,0.6975066955951033,9.03,1.247476486992841,0.7277297297297296,0.004286963640665912,0.9408190690690688,0.0010971811602791268,26.11,2.4528826401603476,8.27,2.2730685413334997,0.51,0.4430597232879565,2.11,1.0289141297503885,0.0,0.0
215,13.75,1.8141120913548865,4.46,0.6485319840994737,9.29,1.3031553454596272,0.678972972972973,0.007263125850421772,0.941200075075075,0.0010642657132831955,26.25,2.472145909933311,8.15,2.30270806660332,0.49,0.4153119290364769,2.11,1.069914074306904,0.0,0.0
216,13.61,1.7641949003440633,4.38,0.6398011641127266,9.23,1.2768177761920452,0.7037837837837838,0.008025361698212979,0.9402409909909906,0.0011092040282834107,26.25,2.472145909933311,8.15,2.30270806660332,0.49,0.4153119290364769,2.11,1.069914074306904,0.0,0.0
217,13.32,1.7187490222833581,4.55,0.6746358721562323,8.77,1.2252289066129642,0.7132432432432435,0.007047396589178988,0.940135135135135,0.0011842150633297644,26.25,2.472145909933311,8.15,2.30270806660332,0.49,0.4153119290364769,2.11,1.069914074306904,0.0,0.0
218,12.93,1.6436572153584819,4.38,0.6816630909767671,8.55,1.148692108443337,0.719621621621622,0.005970042303161173,0.9401617867867869,0.0012593281902931394,26.25,2.472145909933311,8.15,2.30270806660332,0.49,0.4153119290364769,2.11,1.069914074306904,0.0,0.0
219,12.86,1.626686646653252,4.35,0.6864898251248883,8.51,1.1359531673444994,0.7226486486486488,0.005589479584698158,0.9404151651651644,0.001235154687030611,26.25,2.472145909933311,8.15,2.30270806660332,0.49,0.4153119290364769,2.11,1.069914074306904,0.0,0.0
220,13.07,1.6879355679646064,4.24,0.6841045814785924,8.83,1.1615559296047693,0.6782702702702705,0.007958621097682639,0.9405048798798797,0.0012673531766375723,26.64,2.4768258732498722,8.0,2.331988198940981,0.43,0.3606133685819209,1.93,1.0136270327886887,0.0,0.0
221,12.69,1.641889320995785,4.02,0.6357050838242527,8.67,1.135466079458123,0.7052972972972975,0.006915730670830687,0.9393975225225225,0.0013769200926498598,26.64,2.4768258732498722,8.0,2.331988198940981,0.43,0.3606133685819209,1.93,1.0136270327886887,0.0,0.0
222,12.43,1.5826936284701465,3.9,0.6044304426482835,8.53,1.1233570338943892,0.7177297297297299,0.005852168660477867,0.9394091591591588,0.0014197259820879402,26.64,2.4768258732498722,8.0,2.331988198940981,0.43,0.3606133685819209,1.93,1.0136270327886887,0.0,0.0
223,12.16,1.504667375335825,3.93,0.5742866893808354,8.23,1.074557375666837,0.7206486486486486,0.00531396814639685,0.9397413663663664,0.0013752100680414282,26.64,2.4768258732498722,8.0,2.331988198940981,0.43,0.3606133685819209,1.93,1.0136270327886887,0.0,0.0
224,12.16,1.519403327099161,3.86,0.5867049739008527,8.3,1.0907536477133593,0.7262162162162165,0.00484434869141082,0.939873123123123,0.0013400014478602846,26.64,2.4768258732498722,8.0,2.331988198940981,0.43,0.3606133685819209,1.93,1.0136270327886887,0.0,0.0
225,12.14,1.5290562862105501,3.96,0.5813771017162613,8.18,1.0786697555786013,0.683027027027027,0.0074109473175276415,0.9403727477477477,0.0012523434506465797,26.66,2.471189266405955,8.03,2.34192607603229,0.48,0.3723793678495086,1.83,0.9650109313370491,0.0,0.0
226,12.19,1.5105217848147705,4.2,0.6047481459252272,7.99,1.0250237843094179,0.7082162162162163,0.00737520770127603,0.9396403903903908,0.0011685531040087223,26.66,2.471189266405955,8.03,2.34192607603229,0.48,0.3723793678495086,1.83,0.9650109313370491,0.0,0.0
227,12.1,1.5132672467214774,4.25,0.6455366449706786,7.85,1.0357909248492188,0.7198378378378378,0.005310111851673437,0.9396899399399403,0.0011832566903013444,26.66,2.471189266405955,8.03,2.34192607603229,0.48,0.3723793678495086,1.83,0.9650109313370491,0.0,0.0
228,11.87,1.5166031153864876,4.15,0.6329161397847269,7.72,1.02711480643597,0.7245945945945946,0.004727077310319304,0.9400671921921924,0.0010501662596939475,26.66,2.471189266405955,8.03,2.34192607603229,0.48,0.3723793678495086,1.83,0.9650109313370491,0.0,0.0
229,11.9,1.4552917508183714,4.28,0.6333439078415455,7.62,0.9548962297548356,0.726864864864865,0.004543228501672309,0.9403055555555556,0.0010415121539209073,26.66,2.471189266405955,8.03,2.34192607603229,0.48,0.3723793678495086,1.83,0.9650109313370491,0.0,0.0
230,11.84,1.4468783191409007,4.17,0.6241638387474878,7.67,0.9847142212845312,0.6825945945945945,0.007032576655977949,0.940540915915916,0.0010445657150564337,26.79,2.4716672458888955,7.93,2.330217449423979,0.42,0.365822330646996,1.86,0.9870385637856309,0.0,0.0
231,11.76,1.474597503863342,4.07,0.6218206185066558,7.69,1.0228477415529647,0.7143243243243244,0.006156498772565136,0.939846846846847,0.0010094768757618147,26.79,2.4716672458888955,7.93,2.330217449423979,0.42,0.365822330646996,1.86,0.9870385637856309,0.0,0.0
232,11.69,1.4542869807572367,4.13,0.6026195230823507,7.56,0.9968368083091634,0.7216216216216216,0.00502880665971014,0.940106981981982,0.0010620305844392425,26.79,2.4716672458888955,7.93,2.330217449423979,0.42,0.365822330646996,1.86,0.9870385637856309,0.0,0.0
233,11.93,1.5361336665798324,4.18,0.6156896309018043,7.75,1.0372734065809266,0.7274594594594598,0.004209081897431332,0.9403130630630631,0.0010849200271670848,26.79,2.4716672458888955,7.93,2.330217449423979,0.42,0.365822330646996,1.86,0.9870385637856309,0.0,0.0
234,12.01,1.578620308497265,4.33,0.6417645811354815,7.68,1.0884196073206325,0.7303783783783786,0.0035936764915720275,0.9406287537537534,0.0010638435357903761,26.79,2.4716672458888955,7.93,2.330217449423979,0.42,0.365822330646996,1.86,0.9870385637856309,0.0,0.0
235,12.22,1.6256377534986073,4.26,0.6504247522965281,7.96,1.1272709587317504,0.6831891891891892,0.006890389081303449,0.9410514264264266,0.000989186173622356,27.13,2.4619121449799954,7.76,2.3336547213330423,0.36,0.3285792543664312,1.75,0.9809305581946155,0.0,0.0
236,11.96,1.5723842705903672,4.02,0.6265749385348893,7.94,1.1214283492047092,0.7112432432432435,0.006997535238821857,0.9401317567567569,0.0010003175700994222,27.13,2.4619121449799954,7.76,2.3336547213330423,0.36,0.3285792543664312,1.75,0.9809305581946155,0.0,0.0
237,11.67,1.5338311828881301,3.88,0.6049259868777337,7.79,1.1088456404748135,0.719837837837838,0.0058951184262331325,0.9404440690690694,0.0010283897438762705,27.13,2.4619121449799954,7.76,2.3336547213330423,0.36,0.3285792543664312,1.75,0.9809305581946155,0.0,0.0
238,11.84,1.5881370943341129,3.68,0.5598056462737759,8.16,1.1647480373024888,0.7233513513513516,0.005462908307489785,0.9406069819819821,0.00104619234075003,27.13,2.4619121449799954,7.76,2.3336547213330423,0.36,0.3285792543664312,1.75,0.9809305581946155,0.0,0.0
239,11.94,1.611453785375181,3.87,0.5617067291745755,8.07,1.2063971160442981,0.727027027027027,0.004558138868975778,0.9406775525525525,0.0010828882256448838,27.13,2.4619121449799954,7.76,2.3336547213330423,0.36,0.3285792543664312,1.75,0.9809305581946155,0.0,0.0
240,11.92,1.6268425054687996,3.67,0.5834449567868419,8.25,1.199409504714716,0.682,0.00752299028559172,0.940886636636637,0.0010796793850502257,27.48,2.4612605862850034,7.5,2.3504478211608952,0.33,0.3173203075757997,1.69,1.006568299918093,0.0,0.0
241,11.82,1.645088144021469,4.07,0.6328432994035726,7.75,1.1526983126560046,0.70772972972973,0.007649055173228727,0.9401159909909914,0.0011033547472674818,27.48,2.4612605862850034,7.5,2.3504478211608952,0.33,0.3173203075757997,1.69,1.006568299918093,0.0,0.0
242,12.09,1.6817428193395088,4.15,0.6268170706035373,7.94,1.1680744935148613,0.7183243243243244,0.006370682224522245,0.9401272522522519,0.0011566067614729408,27.48,2.4612605862850034,7.5,2.3504478211608952,0.33,0.3173203075757997,1.69,1.006568299918093,0.0,0.0
243,11.63,1.6308460287838333,3.87,0.6539794871400786,7.76,1.1582654783770434,0.7215675675675675,0.0058596728753395255,0.9403378378378378,0.001137613523144639,27.48,2.4612605862850034,7.5,2.3504478211608952,0.33,0.3173203075757997,1.69,1.006568299918093,0.0,0.0
244,11.82,1.6776913070049573,3.81,0.6575179255351145,8.01,1.1758350217611317,0.7267567567567568,0.004523221926465195,0.9405334084084089,0.0011254730632295233,27.48,2.4612605862850034,7.5,2.3504478211608952,0.33,0.3173203075757997,1.69,1.006568299918093,0.0,0.0
245,11.86,1.703288491829848,3.76,0.6254335123736173,8.1,1.1888333104350677,0.677189189189189,0.008449253952136785,0.9408885135135133,0.0010514442901982187,27.71,2.4724442510196254,7.36,2.370793185075408,0.29,0.29373201119387754,1.64,1.020149403960028,0.0,0.0
246,11.47,1.6317409063941497,3.71,0.5888454588429802,7.76,1.1472682155450837,0.7088108108108111,0.008622275277432553,0.9399710960960962,0.0010748019134854876,27.71,2.4724442510196254,7.36,2.370793185075408,0.29,0.29373201119387754,1.64,1.020149403960028,0.0,0.0
247,11.25,1.6375973009259632,3.75,0.5869373731498105,7.5,1.162694732077169,0.7171891891891895,0.007417547988531127,0.9401542792792792,0.0011314153114777247,27.71,2.4724442510196254,7.36,2.370793185075408,0.29,0.29373201119387754,1.64,1.020149403960028,0.0,0.0
248,11.43,1.6389760954937695,3.86,0.6222930550793574,7.57,1.1426161217136754,0.7231891891891895,0.006422273363960128,0.9404039039039036,0.0011382659421218919,27.71,2.4724442510196254,7.36,2.370793185075408,0.29,0.29373201119387754,1.64,1.020149403960028,0.0,0.0
249,11.63,1.6871160391626892,3.99,0.6396300168065913,7.64,1.23791340828024,0.726918918918919,0.004893005438738119,0.9405491741741742,0.0011531154311927591,27.71,2.4724442510196254,7.36,2.370793185075408,0.29,0.29373201119387754,1.64,1.020149403960028,0.0,0.0
250,11.43,1.6220122075989447,3.84,0.6152776856022001,7.59,1.1977171746284676,0.6801621621621621,0.007586876404349299,0.9408603603603605,0.0011192596058352336,28.1,2.469522220997413,7.18,2.376111807470348,0.22,0.22617414883226578,1.5,1.0091621078895106,0.0,0.0
251,11.4,1.5872369955365837,4.04,0.6404852960060833,7.36,1.1755164339131976,0.7095135135135137,0.00766864245416662,0.9399718468468466,0.0011076023788322733,28.1,2.469522220997413,7.18,2.376111807470348,0.22,0.22617414883226578,1.5,1.0091621078895106,0.0,0.0
252,11.43,1.5783185234926445,4.06,0.6227867230440933,7.37,1.1179407719552945,0.7199459459459462,0.006350918219618827,0.9400968468468466,0.0011975334325516078,28.1,2.469522220997413,7.18,2.376111807470348,0.22,0.22617414883226578,1.5,1.0091621078895106,0.0,0.0
253,11.35,1.6123010512928413,3.73,0.5806729489135861,7.62,1.192150564987494,0.7229189189189189,0.006007462119896128,0.9403543543543542,0.0012279735445836623,28.1,2.469522220997413,7.18,2.376111807470348,0.22,0.22617414883226578,1.5,1.0091621078895106,0.0,0.0
254,11.65,1.6632017676758284,3.72,0.5761733294764695,7.93,1.2297356145123226,0.7268108108108109,0.005048677279853997,0.9405138888888888,0.0012952323258055274,28.1,2.469522220997413,7.18,2.376111807470348,0.22,0.22617414883226578,1.5,1.0091621078895106,0.0,0.0
255,12.16,1.79181309025244,4.0,0.6363211767653186,8.16,1.3076946089970698,0.6734054054054055,0.007542547785927174,0.9407327327327324,0.0012948047139632113,28.3,2.473252854036563,7.07,2.3616584853869105,0.16,0.1585541875826683,1.47,1.0324773244967658,0.0,0.0
256,12.09,1.7826509782904787,4.3,0.6915773275635921,7.79,1.2455780723824579,0.7064864864864869,0.0072702390032483525,0.9396006006006007,0.001357219638586026,28.3,2.473252854036563,7.07,2.3616584853869105,0.16,0.1585541875826683,1.47,1.0324773244967658,0.0,0.0
257,12.01,1.7079001839686068,4.44,0.7501040610475324,7.57,1.1263623935483644,0.7180540540540542,0.005745983042264124,0.9396910660660661,0.0013721791621268136,28.3,2.473252854036563,7.07,2.3616584853869105,0.16,0.1585541875826683,1.47,1.0324773244967658,0.0,0.0
258,12.11,1.76136182722347,4.22,0.6905099750184639,7.89,1.2062824737183244,0.7241081081081083,0.0050808123402191355,0.9399313063063058,0.0013471057542811088,28.3,2.473252854036563,7.07,2.3616584853869105,0.16,0.1585541875826683,1.47,1.0324773244967658,0.0,0.0
259,12.14,1.780262723982053,4.22,0.6877226371147017,7.92,1.2043015808343025,0.7272432432432434,0.004633654682492152,0.940247747747748,0.0013202871563763724,28.3,2.473252854036563,7.07,2.3616584853869105,0.16,0.1585541875826683,1.47,1.0324773244967658,0.0,0.0
260,12.17,1.8127732614974217,3.88,0.6388998744717361,8.29,1.3016805500582698,0.682,0.00677566361775143,0.9405904654654651,0.0012978011568890485,28.38,2.5026337346084038,7.03,2.3870925213740652,0.14,0.14672534341414906,1.45,1.0420769069507299,0.0,0.0
261,12.02,1.7783109271440698,3.88,0.6460749875981892,8.14,1.270533622695598,0.7084324324324328,0.007695235569615611,0.9399211711711711,0.0012462861715266127,28.38,2.5026337346084038,7.03,2.3870925213740652,0.14,0.14672534341414906,1.45,1.0420769069507299,0.0,0.0
262,11.77,1.7554543894957793,3.87,0.634298517734355,7.9,1.2323085977140629,0.7189729729729735,0.0063998630335964785,0.94004542042042,0.0012439586473481602,28.38,2.5026337346084038,7.03,2.3870925213740652,0.14,0.14672534341414906,1.45,1.0420769069507299,0.0,0.0
263,11.61,1.6903554083091517,3.75,0.616933156833056,7.86,1.2040910291169848,0.7239459459459462,0.005248881230686167,0.9402023273273268,0.0012779445915565154,28.38,2.5026337346084038,7.03,2.3870925213740652,0.14,0.14672534341414906,1.45,1.0420769069507299,0.0,0.0
264,11.42,1.667309226748296,3.76,0.6217372100815586,7.66,1.2105185956440325,0.7265945945945947,0.0048183396223025815,0.9405746996997,0.0011635758215600314,28.38,2.5026337346084038,7.03,2.3870925213740652,0.14,0.14672534341414906,1.45,1.0420769069507299,0.0,0.0
265,11.74,1.727830882465063,4.0,0.6962829309985991,7.74,1.180766208188564,0.6743243243243243,0.008083023033411196,0.9407597597597599,0.0011622215632094504,28.62,2.4938687554881462,6.88,2.373831082785799,0.1,0.12852579507631912,1.4,1.0237130848045268,0.0,0.0
266,11.4,1.7021559035529037,4.12,0.6751510124409206,7.28,1.1818913763963252,0.7093513513513511,0.007899696610201935,0.9395281531531531,0.0011883102238682726,28.62,2.4938687554881462,6.88,2.373831082785799,0.1,0.12852579507631912,1.4,1.0237130848045268,0.0,0.0
267,11.32,1.7165124530861988,3.8,0.628423806041751,7.52,1.2691601607362248,0.7176756756756758,0.007051345433372632,0.9397965465465467,0.0012953038241481068,28.62,2.4938687554881462,6.88,2.373831082785799,0.1,0.12852579507631912,1.4,1.0237130848045268,0.0,0.0
268,11.45,1.705171838847921,3.72,0.6060680041051499,7.73,1.2571089187496844,0.7226486486486488,0.005941848766262867,0.939806306306306,0.0013814262104816302,28.62,2.4938687554881462,6.88,2.373831082785799,0.1,0.12852579507631912,1.4,1.0237130848045268,0.0,0.0
269,11.52,1.7191066033262747,3.8,0.6173222173225262,7.72,1.227805076386313,0.7256216216216219,0.005125243954428242,0.9399864864864865,0.0014088899888864874,28.62,2.4938687554881462,6.88,2.373831082785799,0.1,0.12852579507631912,1.4,1.0237130848045268,0.0,0.0
270,11.62,1.7886071255588802,3.64,0.6603309521747408,7.98,1.3001110081835319,0.6788108108108105,0.007221722077307461,0.9400915915915915,0.0014213439188376239,28.79,2.4849978861962834,6.74,2.3636689866392055,0.12,0.15252779943341482,1.35,0.979754969367342,0.0,0.0
271,11.55,1.7732043198684129,3.71,0.6566994551543347,7.84,1.2677185454192899,0.7127027027027024,0.006767906303585513,0.9391265015015019,0.001442894288326556,28.79,2.4849978861962834,6.74,2.3636689866392055,0.12,0.15252779943341482,1.35,0.979754969367342,0.0,0.0
272,11.63,1.7896538798326336,3.87,0.674225755663487,7.76,1.2608514101193684,0.719783783783784,0.006111382404862755,0.9394346846846853,0.001431268093062612,28.79,2.4849978861962834,6.74,2.3636689866392055,0.12,0.15252779943341482,1.35,0.979754969367342,0.0,0.0
273,11.58,1.793840142710604,3.72,0.634555864837762,7.86,1.2980528211132236,0.7239459459459462,0.005887878627230633,0.9397019519519518,0.001385422710810017,28.79,2.4849978861962834,6.74,2.3636689866392055,0.12,0.15252779943341482,1.35,0.979754969367342,0.0,0.0
274,11.53,1.7831594840619274,3.72,0.6016146487578241,7.81,1.2821741154773012,0.7283783783783788,0.004804797578072647,0.9400262762762764,0.001342266121761971,28.79,2.4849978861962834,6.74,2.3636689866392055,0.12,0.15252779943341482,1.35,0.979754969367342,0.0,0.0
275,11.57,1.788923900449653,3.82,0.6496919590082673,7.75,1.2856688687216473,0.6791891891891889,0.007143892005593464,0.9403415915915914,0.0013151668834310037,29.1,2.480852143921519,6.53,2.360877562602517,0.09,0.11460554262338271,1.28,0.9804232685937226,0.0,0.0
276,11.14,1.6967352198855306,3.64,0.6354270425469786,7.5,1.2181995238876102,0.7097837837837838,0.007973014937864824,0.9395491741741745,0.0013515127411293354,29.1,2.480852143921519,6.53,2.360877562602517,0.09,0.11460554262338271,1.28,0.9804232685937226,0.0,0.0
277,11.27,1.6873892596552813,3.79,0.6578683868373673,7.48,1.1846185519398218,0.7188648648648649,0.006940057906937349,0.939673048048048,0.0014582029468373924,29.1,2.480852143921519,6.53,2.360877562602517,0.09,0.11460554262338271,1.28,0.9804232685937226,0.0,0.0
278,11.04,1.641005830093239,3.73,0.6458222306486515,7.31,1.1477954793429013,0.7238918918918923,0.006011309860675281,0.939961711711712,0.0014928479409456285,29.1,2.480852143921519,6.53,2.360877562602517,0.09,0.11460554262338271,1.28,0.9804232685937226,0.0,0.0
279,11.12,1.6560039884009938,3.9,0.6871190872039576,7.22,1.145076218249248,0.7276756756756764,0.00525000380423529,0.940256756756757,0.0014945863730170931,29.1,2.480852143921519,6.53,2.360877562602517,0.09,0.11460554262338271,1.28,0.9804232685937226,0.0,0.0
280,11.28,1.683565842371483,3.81,0.6540029834794336,7.47,1.2128124610177784,0.6803243243243243,0.007184072648697795,0.9406385135135135,0.001438062035785614,29.1,2.5030512260039735,6.43,2.35334793041743,0.09,0.12425534354706838,1.38,1.051035265630987,0.0,0.0
281,10.97,1.6975127644880907,3.69,0.6208561044235609,7.28,1.2082505806330075,0.7100540540540541,0.00728261057873412,0.9396381381381382,0.001451013727898623,29.1,2.5030512260039735,6.43,2.35334793041743,0.09,0.12425534354706838,1.38,1.051035265630987,0.0,0.0
282,11.01,1.6597612835585724,3.85,0.6094150309928364,7.16,1.2138462136531134,0.7214594594594597,0.005586988917115442,0.9398164414414416,0.0014679162565955093,29.1,2.5030512260039735,6.43,2.35334793041743,0.09,0.12425534354706838,1.38,1.051035265630987,0.0,0.0
283,11.05,1.6714962279347205,3.91,0.6198653002064238,7.14,1.1641872041901162,0.7252972972972974,0.005158555869511845,0.9400934684684684,0.0014652476308055558,29.1,2.5030512260039735,6.43,2.35334793041743,0.09,0.12425534354706838,1.38,1.051035265630987,0.0,0.0
284,11.18,1.7098975295613479,3.83,0.6399662628607855,7.35,1.2241372962213026,0.7279459459459463,0.004709663743989196,0.9403858858858857,0.0014375727589186335,29.1,2.5030512260039735,6.43,2.35334793041743,0.09,0.12425534354706838,1.38,1.051035265630987,0.0,0.0
285,11.35,1.7485518007768601,3.75,0.6723542816105212,7.6,1.2321527178073346,0.6797297297297298,0.0071438920055934595,0.9405792042042043,0.0014483635671138704,29.33,2.4954510328996653,6.27,2.3385444946803995,0.08,0.10620234272368945,1.32,1.0210377278044136,0.0,0.0
286,11.14,1.7471550378830156,3.83,0.6465356429463112,7.31,1.2576710787801395,0.7106486486486489,0.007397204821430675,0.9397511261261268,0.0014583386419458068,29.33,2.4954510328996653,6.27,2.3385444946803995,0.08,0.10620234272368945,1.32,1.0210377278044136,0.0,0.0
287,11.11,1.7270024801371882,3.7,0.6497629106066305,7.41,1.2253041542408973,0.7200000000000003,0.0061722038617759685,0.9399046546546548,0.0015066696033813186,29.33,2.4954510328996653,6.27,2.3385444946803995,0.08,0.10620234272368945,1.32,1.0210377278044136,0.0,0.0
288,10.69,1.640250682792115,3.71,0.6590352451879947,6.98,1.1083899645882762,0.7251891891891893,0.005247737027742985,0.9402053303303306,0.0013992228547428144,29.33,2.4954510328996653,6.27,2.3385444946803995,0.08,0.10620234272368945,1.32,1.0210377278044136,0.0,0.0
289,10.44,1.6288814635816808,3.72,0.6963270679788341,6.72,1.0993765622387994,0.7287027027027029,0.004416040032212872,0.9404647147147146,0.001370080986891056,29.33,2.4954510328996653,6.27,2.3385444946803995,0.08,0.10620234272368945,1.32,1.0210377278044136,0.0,0.0
290,10.54,1.6669036608034673,3.32,0.5820111009250594,7.22,1.2401023931917883,0.6836756756756757,0.0072175243142765435,0.9407218468468463,0.0013352831585737818,29.36,2.5194227605544883,6.33,2.363414618216619,0.06,0.0992464729851897,1.25,1.0151872930646837,0.0,0.0
291,10.17,1.6384603558218918,3.41,0.6092385004249155,6.76,1.2006083951064146,0.7142162162162167,0.007242635653419351,0.9399771021021021,0.0013490298034003064,29.36,2.5194227605544883,6.33,2.363414618216619,0.06,0.0992464729851897,1.25,1.0151872930646837,0.0,0.0
292,10.27,1.6841989293429684,3.36,0.6238344703525126,6.91,1.211747709054983,0.7247567567567565,0.005239088623145132,0.9402000750750747,0.0013548741894800864,29.36,2.5194227605544883,6.33,2.363414618216619,0.06,0.0992464729851897,1.25,1.0151872930646837,0.0,0.0
293,10.03,1.6187404935937078,3.36,0.5883396352448133,6.67,1.179605772112022,0.7274594594594594,0.004785614850664889,0.9407815315315314,0.0012293336965790685,29.36,2.5194227605544883,6.33,2.363414618216619,0.06,0.0992464729851897,1.25,1.0151872930646837,0.0,0.0
294,9.99,1.5996518116140153,3.37,0.6202122617298046,6.62,1.1404370783169053,0.7301081081081083,0.004508009337177108,0.9409718468468466,0.0012129283621264881,29.36,2.5194227605544883,6.33,2.363414618216619,0.06,0.0992464729851897,1.25,1.0151872930646837,0.0,0.0
295,9.85,1.5851481066449282,3.23,0.5833132551211226,6.62,1.151499582978648,0.6877837837837838,0.005948315297952592,0.9412518768768767,0.001203710601878912,29.6,2.5055823115595306,6.11,2.351002638535311,0.07,0.11843007050576297,1.22,1.0137501988162574,0.0,0.0
296,9.71,1.5473563824794856,3.39,0.630191055474449,6.32,1.0525327745965916,0.7205945945945947,0.00603928135470001,0.9406332582582583,0.0012121555854180213,29.6,2.5055823115595306,6.11,2.351002638535311,0.07,0.11843007050576297,1.22,1.0137501988162574,0.0,0.0
297,9.59,1.5172210486280497,3.32,0.5611764442668632,6.27,1.0612472443309335,0.7273513513513515,0.0050639945671273005,0.9410701951951951,0.0011785493959233686,29.6,2.5055823115595306,6.11,2.351002638535311,0.07,0.11843007050576297,1.22,1.0137501988162574,0.0,0.0
298,9.67,1.5204989765205368,3.44,0.5901650806342238,6.23,1.0655822603628495,0.7298918918918925,0.004772168110645311,0.9413194444444443,0.0011610746208037719,29.6,2.5055823115595306,6.11,2.351002638535311,0.07,0.11843007050576297,1.22,1.0137501988162574,0.0,0.0
299,9.63,1.491315301872813,3.65,0.6150622407529174,5.98,1.0013202452762056,0.732378378378379,0.0042338497450887785,0.9415161411411412,0.0011624948227430304,29.6,2.5055823115595306,6.11,2.351002638535311,0.07,0.11843007050576297,1.22,1.0137501988162574,0.0,0.0
300,10.04,1.5367999916710047,3.73,0.5740190533423087,6.31,1.0830467683345906,0.6846486486486485,0.00623052245738975,0.9417083333333329,0.001171753759174752,29.62,2.518242293664373,6.14,2.3750833262014193,0.03,0.04343069882007422,1.21,1.0211938574041661,0.0,0.0
